rehcnee@ya.ru,UPDATE,2024-09-27 23:59:56
VcXPBm@gmail.com,UPDATE,2024-09-27 20:17:14
HXGeysLUTNbz@gmail.com,CREATE,2024-09-27 02:11:27
ZxbPkabSoQvsB@mail.ru,DELETE,2024-09-27 10:02:33
sYBJe@mail.ru,READ,2024-09-27 06:05:02
sYBJe@mail.ru,DELETE,2024-09-27 17:52:59
eBXgJylCKFeC@gmail.com,READ,2024-09-27 00:39:30
rehcnee@ya.ru,CREATE,2024-09-27 15:21:47
VcXPBm@gmail.com,DELETE,2024-09-27 03:39:23
DDFdJQv@ya.ru,READ,2024-09-27 22:18:54
sYBJe@mail.ru,DELETE,2024-09-27 11:02:56
ZxbPkabSoQvsB@mail.ru,DELETE,2024-09-27 23:31:07
rehcnee@ya.ru,READ,2024-09-27 07:08:26
HXGeysLUTNbz@gmail.com,CREATE,2024-09-27 03:24:46
ZxbPkabSoQvsB@mail.ru,UPDATE,2024-09-27 04:43:24
CMRzkv@gmail.com,UPDATE,2024-09-27 16:58:46
eBXgJylCKFeC@gmail.com,READ,2024-09-27 07:01:03
DDFdJQv@ya.ru,DELETE,2024-09-27 11:38:10
CMRzkv@gmail.com,READ,2024-09-27 01:09:11
DDFdJQv@ya.ru,READ,2024-09-27 20:03:32
eBXgJylCKFeC@gmail.com,READ,2024-09-27 02:31:44
CMRzkv@gmail.com,READ,2024-09-27 21:57:57
HXGeysLUTNbz@gmail.com,UPDATE,2024-09-27 17:03:52
DDFdJQv@ya.ru,UPDATE,2024-09-27 22:50:59
VcXPBm@gmail.com,READ,2024-09-27 05:11:08
HXGeysLUTNbz@gmail.com,CREATE,2024-09-27 02:48:05
TAwdEapPC@ya.ru,UPDATE,2024-09-27 17:32:47
rehcnee@ya.ru,UPDATE,2024-09-27 18:14:05
HXGeysLUTNbz@gmail.com,DELETE,2024-09-27 13:17:38
sYBJe@mail.ru,CREATE,2024-09-27 00:34:19
eBXgJylCKFeC@gmail.com,READ,2024-09-27 23:22:42
TAwdEapPC@ya.ru,READ,2024-09-27 04:31:46
VcXPBm@gmail.com,DELETE,2024-09-27 02:37:41
DDFdJQv@ya.ru,DELETE,2024-09-27 21:41:47
rehcnee@ya.ru,UPDATE,2024-09-27 17:42:13
rehcnee@ya.ru,UPDATE,2024-09-27 05:17:45
rehcnee@ya.ru,DELETE,2024-09-27 14:34:38
VcXPBm@gmail.com,READ,2024-09-27 06:40:15
TAwdEapPC@ya.ru,DELETE,2024-09-27 23:56:35
eBXgJylCKFeC@gmail.com,UPDATE,2024-09-27 05:19:28
DDFdJQv@ya.ru,UPDATE,2024-09-27 13:46:55
DDFdJQv@ya.ru,UPDATE,2024-09-27 19:21:32
DDFdJQv@ya.ru,READ,2024-09-27 20:52:05
CMRzkv@gmail.com,DELETE,2024-09-27 13:26:51
CMRzkv@gmail.com,UPDATE,2024-09-27 21:29:33
DDFdJQv@ya.ru,UPDATE,2024-09-27 01:52:24
DDEpKO@ya.ru,UPDATE,2024-09-27 05:45:56
DDEpKO@ya.ru,READ,2024-09-27 01:27:17
sYBJe@mail.ru,CREATE,2024-09-27 17:28:53
CMRzkv@gmail.com,CREATE,2024-09-27 11:01:38
eBXgJylCKFeC@gmail.com,CREATE,2024-09-27 10:32:12
TAwdEapPC@ya.ru,DELETE,2024-09-27 15:02:33
HXGeysLUTNbz@gmail.com,CREATE,2024-09-27 21:23:54
HXGeysLUTNbz@gmail.com,DELETE,2024-09-27 13:49:50
rehcnee@ya.ru,UPDATE,2024-09-27 19:40:53
CMRzkv@gmail.com,CREATE,2024-09-27 16:31:51
CMRzkv@gmail.com,DELETE,2024-09-27 08:18:34
eBXgJylCKFeC@gmail.com,READ,2024-09-27 17:54:30
TAwdEapPC@ya.ru,DELETE,2024-09-27 02:47:15
ZxbPkabSoQvsB@mail.ru,CREATE,2024-09-27 13:57:33
VcXPBm@gmail.com,UPDATE,2024-09-27 23:29:44
DDFdJQv@ya.ru,READ,2024-09-27 11:04:43
sYBJe@mail.ru,CREATE,2024-09-27 05:19:46
HXGeysLUTNbz@gmail.com,CREATE,2024-09-27 08:11:36
DDFdJQv@ya.ru,UPDATE,2024-09-27 18:35:30
TAwdEapPC@ya.ru,READ,2024-09-27 03:59:14
CMRzkv@gmail.com,CREATE,2024-09-27 22:32:58
CMRzkv@gmail.com,READ,2024-09-27 19:50:09
HXGeysLUTNbz@gmail.com,UPDATE,2024-09-27 12:13:18
DDEpKO@ya.ru,UPDATE,2024-09-27 01:01:50
VcXPBm@gmail.com,READ,2024-09-27 16:33:17
DDEpKO@ya.ru,UPDATE,2024-09-27 23:21:28
TAwdEapPC@ya.ru,CREATE,2024-09-27 00:06:15
HXGeysLUTNbz@gmail.com,DELETE,2024-09-27 10:15:42
VcXPBm@gmail.com,DELETE,2024-09-27 11:25:44
HXGeysLUTNbz@gmail.com,READ,2024-09-27 15:06:11
DDFdJQv@ya.ru,CREATE,2024-09-27 07:11:15
rehcnee@ya.ru,UPDATE,2024-09-27 09:22:42
rehcnee@ya.ru,READ,2024-09-27 16:27:05
CMRzkv@gmail.com,DELETE,2024-09-27 07:19:23
rehcnee@ya.ru,DELETE,2024-09-27 09:45:06
CMRzkv@gmail.com,CREATE,2024-09-27 03:43:39
HXGeysLUTNbz@gmail.com,DELETE,2024-09-27 05:17:59
TAwdEapPC@ya.ru,DELETE,2024-09-27 01:12:53
VcXPBm@gmail.com,READ,2024-09-27 02:54:53
ZxbPkabSoQvsB@mail.ru,READ,2024-09-27 14:04:38
HXGeysLUTNbz@gmail.com,UPDATE,2024-09-27 11:12:42
VcXPBm@gmail.com,CREATE,2024-09-27 18:07:06
rehcnee@ya.ru,UPDATE,2024-09-27 08:00:44
TAwdEapPC@ya.ru,CREATE,2024-09-27 20:41:21
DDFdJQv@ya.ru,CREATE,2024-09-27 12:07:32
DDFdJQv@ya.ru,DELETE,2024-09-27 03:18:21
DDEpKO@ya.ru,UPDATE,2024-09-27 00:07:59
eBXgJylCKFeC@gmail.com,UPDATE,2024-09-27 10:48:01
ZxbPkabSoQvsB@mail.ru,DELETE,2024-09-27 00:01:39
VcXPBm@gmail.com,DELETE,2024-09-27 10:53:38
HXGeysLUTNbz@gmail.com,READ,2024-09-27 14:50:03
sYBJe@mail.ru,DELETE,2024-09-27 13:03:12
rehcnee@ya.ru,UPDATE,2024-09-27 23:34:47
DDFdJQv@ya.ru,CREATE,2024-09-27 11:16:51
TAwdEapPC@ya.ru,UPDATE,2024-09-27 22:08:48
rehcnee@ya.ru,UPDATE,2024-09-27 23:55:15
TAwdEapPC@ya.ru,CREATE,2024-09-27 11:53:12
CMRzkv@gmail.com,READ,2024-09-27 20:48:44
DDFdJQv@ya.ru,DELETE,2024-09-27 23:09:15
CMRzkv@gmail.com,CREATE,2024-09-27 05:45:17
rehcnee@ya.ru,READ,2024-09-27 16:03:20
DDFdJQv@ya.ru,UPDATE,2024-09-27 00:57:57
HXGeysLUTNbz@gmail.com,CREATE,2024-09-27 00:39:04
DDEpKO@ya.ru,CREATE,2024-09-27 00:18:16
VcXPBm@gmail.com,UPDATE,2024-09-27 10:20:53
eBXgJylCKFeC@gmail.com,DELETE,2024-09-27 05:44:45
HXGeysLUTNbz@gmail.com,DELETE,2024-09-27 10:03:33
DDFdJQv@ya.ru,UPDATE,2024-09-27 07:37:56
HXGeysLUTNbz@gmail.com,UPDATE,2024-09-27 14:35:50
eBXgJylCKFeC@gmail.com,READ,2024-09-27 14:13:59
sYBJe@mail.ru,READ,2024-09-27 09:59:26
eBXgJylCKFeC@gmail.com,UPDATE,2024-09-27 19:40:31
ZxbPkabSoQvsB@mail.ru,DELETE,2024-09-27 19:22:04
VcXPBm@gmail.com,CREATE,2024-09-27 03:29:15
DDEpKO@ya.ru,READ,2024-09-27 09:02:11
DDEpKO@ya.ru,READ,2024-09-27 17:44:08
rehcnee@ya.ru,UPDATE,2024-09-27 09:39:43
CMRzkv@gmail.com,READ,2024-09-27 11:15:33
DDFdJQv@ya.ru,CREATE,2024-09-27 02:55:25
rehcnee@ya.ru,UPDATE,2024-09-27 17:03:52
TAwdEapPC@ya.ru,CREATE,2024-09-27 16:37:50
eBXgJylCKFeC@gmail.com,READ,2024-09-27 12:45:49
rehcnee@ya.ru,CREATE,2024-09-27 17:43:02
TAwdEapPC@ya.ru,DELETE,2024-09-27 04:17:43
DDEpKO@ya.ru,READ,2024-09-27 07:30:29
TAwdEapPC@ya.ru,CREATE,2024-09-27 06:09:00
CMRzkv@gmail.com,READ,2024-09-27 18:12:07
rehcnee@ya.ru,CREATE,2024-09-27 07:19:56
ZxbPkabSoQvsB@mail.ru,UPDATE,2024-09-27 11:03:11
HXGeysLUTNbz@gmail.com,UPDATE,2024-09-27 12:50:54
TAwdEapPC@ya.ru,READ,2024-09-27 21:51:22
DDFdJQv@ya.ru,CREATE,2024-09-27 09:38:20
eBXgJylCKFeC@gmail.com,UPDATE,2024-09-27 22:26:47
eBXgJylCKFeC@gmail.com,UPDATE,2024-09-27 21:40:45
DDFdJQv@ya.ru,DELETE,2024-09-27 21:37:25
TAwdEapPC@ya.ru,DELETE,2024-09-27 22:57:04
rehcnee@ya.ru,CREATE,2024-09-27 20:27:58
sYBJe@mail.ru,CREATE,2024-09-27 04:18:26
eBXgJylCKFeC@gmail.com,UPDATE,2024-09-27 12:36:14
sYBJe@mail.ru,READ,2024-09-27 22:19:58
eBXgJylCKFeC@gmail.com,CREATE,2024-09-27 01:13:28
DDEpKO@ya.ru,READ,2024-09-27 16:49:55
HXGeysLUTNbz@gmail.com,READ,2024-09-27 11:00:17
ZxbPkabSoQvsB@mail.ru,READ,2024-09-27 01:02:21
TAwdEapPC@ya.ru,UPDATE,2024-09-27 11:26:55
ZxbPkabSoQvsB@mail.ru,READ,2024-09-27 14:47:16
HXGeysLUTNbz@gmail.com,UPDATE,2024-09-27 11:17:12
rehcnee@ya.ru,READ,2024-09-27 11:36:08
VcXPBm@gmail.com,UPDATE,2024-09-27 14:06:31
TAwdEapPC@ya.ru,READ,2024-09-27 15:58:30
DDEpKO@ya.ru,DELETE,2024-09-27 13:21:00
rehcnee@ya.ru,DELETE,2024-09-27 12:55:11
sYBJe@mail.ru,DELETE,2024-09-27 12:54:10
DDEpKO@ya.ru,CREATE,2024-09-27 13:48:54
HXGeysLUTNbz@gmail.com,DELETE,2024-09-27 00:23:10
ZxbPkabSoQvsB@mail.ru,READ,2024-09-27 08:25:13
sYBJe@mail.ru,UPDATE,2024-09-27 15:05:58
HXGeysLUTNbz@gmail.com,DELETE,2024-09-27 10:41:45
CMRzkv@gmail.com,UPDATE,2024-09-27 05:59:18
VcXPBm@gmail.com,CREATE,2024-09-27 22:10:27
HXGeysLUTNbz@gmail.com,UPDATE,2024-09-27 19:38:36
sYBJe@mail.ru,UPDATE,2024-09-27 09:50:55
HXGeysLUTNbz@gmail.com,CREATE,2024-09-27 06:56:36
DDEpKO@ya.ru,DELETE,2024-09-27 15:15:46
ZxbPkabSoQvsB@mail.ru,READ,2024-09-27 19:09:35
CMRzkv@gmail.com,UPDATE,2024-09-27 16:28:51
DDFdJQv@ya.ru,UPDATE,2024-09-27 17:03:42
TAwdEapPC@ya.ru,DELETE,2024-09-27 09:55:29
DDEpKO@ya.ru,READ,2024-09-27 11:54:22
DDEpKO@ya.ru,DELETE,2024-09-27 16:05:28
TAwdEapPC@ya.ru,UPDATE,2024-09-27 20:24:54
TAwdEapPC@ya.ru,CREATE,2024-09-27 14:49:19
DDFdJQv@ya.ru,READ,2024-09-27 19:03:18
HXGeysLUTNbz@gmail.com,DELETE,2024-09-27 12:11:12
sYBJe@mail.ru,CREATE,2024-09-27 20:12:24
ZxbPkabSoQvsB@mail.ru,DELETE,2024-09-27 14:08:30
DDFdJQv@ya.ru,CREATE,2024-09-27 09:24:18
CMRzkv@gmail.com,DELETE,2024-09-27 22:00:50
HXGeysLUTNbz@gmail.com,CREATE,2024-09-27 04:38:19
ZxbPkabSoQvsB@mail.ru,CREATE,2024-09-27 07:49:33
VcXPBm@gmail.com,UPDATE,2024-09-27 19:54:18
DDEpKO@ya.ru,UPDATE,2024-09-27 04:34:31
HXGeysLUTNbz@gmail.com,READ,2024-09-27 18:30:00
VcXPBm@gmail.com,CREATE,2024-09-27 17:13:39
VcXPBm@gmail.com,UPDATE,2024-09-27 05:08:42
TAwdEapPC@ya.ru,UPDATE,2024-09-27 06:50:21
VcXPBm@gmail.com,CREATE,2024-09-27 12:21:03
TAwdEapPC@ya.ru,CREATE,2024-09-27 18:48:56
DDFdJQv@ya.ru,READ,2024-09-27 02:40:20
HXGeysLUTNbz@gmail.com,READ,2024-09-27 16:11:29
DDEpKO@ya.ru,UPDATE,2024-09-27 02:07:49
eBXgJylCKFeC@gmail.com,UPDATE,2024-09-27 22:40:02
rehcnee@ya.ru,READ,2024-09-27 20:52:46
DDEpKO@ya.ru,READ,2024-09-27 10:07:28
DDFdJQv@ya.ru,DELETE,2024-09-27 21:36:53
eBXgJylCKFeC@gmail.com,READ,2024-09-27 14:00:18
DDFdJQv@ya.ru,UPDATE,2024-09-27 05:39:12
sYBJe@mail.ru,CREATE,2024-09-27 15:10:55
ZxbPkabSoQvsB@mail.ru,CREATE,2024-09-27 12:16:17
sYBJe@mail.ru,DELETE,2024-09-27 10:23:17
VcXPBm@gmail.com,READ,2024-09-27 23:33:53
DDEpKO@ya.ru,DELETE,2024-09-27 15:39:11
DDEpKO@ya.ru,DELETE,2024-09-27 05:09:26
sYBJe@mail.ru,READ,2024-09-27 23:59:56
eBXgJylCKFeC@gmail.com,CREATE,2024-09-27 08:45:13
sYBJe@mail.ru,UPDATE,2024-09-27 09:25:13
DDFdJQv@ya.ru,DELETE,2024-09-27 18:38:37
TAwdEapPC@ya.ru,UPDATE,2024-09-27 03:06:01
VcXPBm@gmail.com,CREATE,2024-09-27 04:03:04
VcXPBm@gmail.com,CREATE,2024-09-27 08:26:38
VcXPBm@gmail.com,READ,2024-09-27 02:49:50
TAwdEapPC@ya.ru,UPDATE,2024-09-27 08:53:13
DDFdJQv@ya.ru,DELETE,2024-09-27 08:58:30
VcXPBm@gmail.com,UPDATE,2024-09-27 14:29:51
VcXPBm@gmail.com,UPDATE,2024-09-27 05:59:05
sYBJe@mail.ru,DELETE,2024-09-27 11:48:35
DDEpKO@ya.ru,DELETE,2024-09-27 02:00:13
sYBJe@mail.ru,READ,2024-09-27 14:38:27
ZxbPkabSoQvsB@mail.ru,UPDATE,2024-09-27 03:40:17
eBXgJylCKFeC@gmail.com,CREATE,2024-09-27 15:14:22
eBXgJylCKFeC@gmail.com,DELETE,2024-09-27 10:27:29
DDFdJQv@ya.ru,READ,2024-09-27 13:19:31
CMRzkv@gmail.com,UPDATE,2024-09-27 04:12:33
DDEpKO@ya.ru,READ,2024-09-27 18:29:27
HXGeysLUTNbz@gmail.com,UPDATE,2024-09-27 20:07:13
VcXPBm@gmail.com,READ,2024-09-27 23:08:36
DDEpKO@ya.ru,CREATE,2024-09-27 11:06:46
ZxbPkabSoQvsB@mail.ru,CREATE,2024-09-27 09:57:36
CMRzkv@gmail.com,DELETE,2024-09-27 17:14:38
VcXPBm@gmail.com,DELETE,2024-09-27 13:26:40
DDFdJQv@ya.ru,CREATE,2024-09-27 16:58:57
ZxbPkabSoQvsB@mail.ru,READ,2024-09-27 22:36:49
TAwdEapPC@ya.ru,DELETE,2024-09-27 14:19:43
DDEpKO@ya.ru,DELETE,2024-09-27 08:09:49
DDEpKO@ya.ru,READ,2024-09-27 16:16:05
rehcnee@ya.ru,CREATE,2024-09-27 13:54:21
VcXPBm@gmail.com,DELETE,2024-09-27 07:31:58
DDFdJQv@ya.ru,READ,2024-09-27 08:37:23
ZxbPkabSoQvsB@mail.ru,CREATE,2024-09-27 15:46:38
CMRzkv@gmail.com,READ,2024-09-27 04:36:33
ZxbPkabSoQvsB@mail.ru,UPDATE,2024-09-27 21:20:43
DDFdJQv@ya.ru,DELETE,2024-09-27 22:54:53
TAwdEapPC@ya.ru,UPDATE,2024-09-27 01:12:50
sYBJe@mail.ru,CREATE,2024-09-27 00:00:05
rehcnee@ya.ru,CREATE,2024-09-27 23:02:38
TAwdEapPC@ya.ru,UPDATE,2024-09-27 15:39:20
DDEpKO@ya.ru,CREATE,2024-09-27 11:22:53
CMRzkv@gmail.com,READ,2024-09-27 01:54:49
TAwdEapPC@ya.ru,UPDATE,2024-09-27 00:59:13
CMRzkv@gmail.com,UPDATE,2024-09-27 14:18:47
TAwdEapPC@ya.ru,CREATE,2024-09-27 02:02:26
HXGeysLUTNbz@gmail.com,DELETE,2024-09-27 04:44:54
rehcnee@ya.ru,DELETE,2024-09-27 22:41:54
DDFdJQv@ya.ru,UPDATE,2024-09-27 19:03:17
eBXgJylCKFeC@gmail.com,READ,2024-09-27 00:52:47
CMRzkv@gmail.com,READ,2024-09-27 07:36:06
eBXgJylCKFeC@gmail.com,DELETE,2024-09-27 07:18:50
ZxbPkabSoQvsB@mail.ru,UPDATE,2024-09-27 22:30:26
rehcnee@ya.ru,UPDATE,2024-09-27 08:26:17
sYBJe@mail.ru,READ,2024-09-27 15:21:14
sYBJe@mail.ru,READ,2024-09-27 10:27:57
eBXgJylCKFeC@gmail.com,UPDATE,2024-09-27 14:50:40
eBXgJylCKFeC@gmail.com,CREATE,2024-09-27 06:40:17
ZxbPkabSoQvsB@mail.ru,DELETE,2024-09-27 03:38:07
VcXPBm@gmail.com,CREATE,2024-09-27 11:18:08
eBXgJylCKFeC@gmail.com,CREATE,2024-09-27 04:11:51
HXGeysLUTNbz@gmail.com,UPDATE,2024-09-27 00:54:33
HXGeysLUTNbz@gmail.com,DELETE,2024-09-27 11:42:06
ZxbPkabSoQvsB@mail.ru,DELETE,2024-09-27 03:57:14
rehcnee@ya.ru,CREATE,2024-09-27 17:53:48
CMRzkv@gmail.com,READ,2024-09-27 16:56:46
eBXgJylCKFeC@gmail.com,UPDATE,2024-09-27 07:09:26
rehcnee@ya.ru,DELETE,2024-09-27 05:38:51
sYBJe@mail.ru,CREATE,2024-09-27 15:26:33
VcXPBm@gmail.com,UPDATE,2024-09-27 22:17:43
HXGeysLUTNbz@gmail.com,READ,2024-09-27 13:15:33
rehcnee@ya.ru,READ,2024-09-27 19:31:53
DDFdJQv@ya.ru,READ,2024-09-27 07:42:34
DDFdJQv@ya.ru,DELETE,2024-09-27 12:31:57
VcXPBm@gmail.com,CREATE,2024-09-27 23:22:47
TAwdEapPC@ya.ru,READ,2024-09-27 03:40:28
TAwdEapPC@ya.ru,CREATE,2024-09-27 10:37:15
HXGeysLUTNbz@gmail.com,CREATE,2024-09-27 13:18:34
ZxbPkabSoQvsB@mail.ru,DELETE,2024-09-27 09:03:17
HXGeysLUTNbz@gmail.com,DELETE,2024-09-27 20:09:29
eBXgJylCKFeC@gmail.com,CREATE,2024-09-27 08:28:32
HXGeysLUTNbz@gmail.com,DELETE,2024-09-27 03:15:00
ZxbPkabSoQvsB@mail.ru,DELETE,2024-09-27 11:21:56
HXGeysLUTNbz@gmail.com,DELETE,2024-09-27 03:27:07
VcXPBm@gmail.com,DELETE,2024-09-27 09:09:58
CMRzkv@gmail.com,CREATE,2024-09-27 17:20:35
TAwdEapPC@ya.ru,READ,2024-09-27 16:30:39
HXGeysLUTNbz@gmail.com,DELETE,2024-09-27 19:03:21
VcXPBm@gmail.com,DELETE,2024-09-27 13:52:02
DDEpKO@ya.ru,DELETE,2024-09-27 02:43:53
eBXgJylCKFeC@gmail.com,UPDATE,2024-09-27 18:34:49
DDFdJQv@ya.ru,UPDATE,2024-09-27 07:45:45
eBXgJylCKFeC@gmail.com,DELETE,2024-09-27 01:51:48
ZxbPkabSoQvsB@mail.ru,DELETE,2024-09-27 05:30:14
eBXgJylCKFeC@gmail.com,DELETE,2024-09-27 01:53:57
DDEpKO@ya.ru,UPDATE,2024-09-27 00:31:13
DDEpKO@ya.ru,UPDATE,2024-09-27 11:50:57
eBXgJylCKFeC@gmail.com,READ,2024-09-27 14:31:06
eBXgJylCKFeC@gmail.com,READ,2024-09-27 03:52:47
eBXgJylCKFeC@gmail.com,DELETE,2024-09-27 13:21:37
HXGeysLUTNbz@gmail.com,DELETE,2024-09-27 12:50:17
rehcnee@ya.ru,UPDATE,2024-09-27 12:04:06
VcXPBm@gmail.com,UPDATE,2024-09-27 17:51:21
CMRzkv@gmail.com,DELETE,2024-09-27 06:02:35
TAwdEapPC@ya.ru,CREATE,2024-09-27 05:52:49
DDFdJQv@ya.ru,CREATE,2024-09-27 06:55:25
HXGeysLUTNbz@gmail.com,CREATE,2024-09-27 02:06:22
sYBJe@mail.ru,READ,2024-09-27 09:21:51
sYBJe@mail.ru,UPDATE,2024-09-27 23:59:15
DDEpKO@ya.ru,CREATE,2024-09-27 04:25:10
TAwdEapPC@ya.ru,CREATE,2024-09-27 12:58:49
sYBJe@mail.ru,UPDATE,2024-09-27 20:33:13
TAwdEapPC@ya.ru,DELETE,2024-09-27 11:14:49
HXGeysLUTNbz@gmail.com,UPDATE,2024-09-27 04:07:15
eBXgJylCKFeC@gmail.com,DELETE,2024-09-27 20:10:39
VcXPBm@gmail.com,UPDATE,2024-09-27 15:29:31
DDEpKO@ya.ru,DELETE,2024-09-27 18:23:26
rehcnee@ya.ru,UPDATE,2024-09-27 05:28:03
TAwdEapPC@ya.ru,UPDATE,2024-09-27 22:33:05
CMRzkv@gmail.com,DELETE,2024-09-27 01:36:05
sYBJe@mail.ru,DELETE,2024-09-27 06:57:54
CMRzkv@gmail.com,READ,2024-09-27 00:38:31
DDEpKO@ya.ru,DELETE,2024-09-27 00:59:21
CMRzkv@gmail.com,CREATE,2024-09-27 08:19:22
eBXgJylCKFeC@gmail.com,DELETE,2024-09-27 09:09:51
eBXgJylCKFeC@gmail.com,DELETE,2024-09-27 01:17:36
TAwdEapPC@ya.ru,CREATE,2024-09-27 23:03:34
ZxbPkabSoQvsB@mail.ru,DELETE,2024-09-27 12:53:41
eBXgJylCKFeC@gmail.com,READ,2024-09-27 16:20:29
eBXgJylCKFeC@gmail.com,CREATE,2024-09-27 10:19:54
VcXPBm@gmail.com,CREATE,2024-09-27 17:04:56
ZxbPkabSoQvsB@mail.ru,DELETE,2024-09-27 16:49:49
DDFdJQv@ya.ru,DELETE,2024-09-27 01:27:23
DDFdJQv@ya.ru,CREATE,2024-09-27 18:27:25
sYBJe@mail.ru,UPDATE,2024-09-27 14:26:25
eBXgJylCKFeC@gmail.com,CREATE,2024-09-27 11:07:52
sYBJe@mail.ru,DELETE,2024-09-27 18:57:57
eBXgJylCKFeC@gmail.com,READ,2024-09-27 00:30:00
CMRzkv@gmail.com,UPDATE,2024-09-27 11:17:33
DDFdJQv@ya.ru,UPDATE,2024-09-27 20:35:10
rehcnee@ya.ru,DELETE,2024-09-27 06:34:46
CMRzkv@gmail.com,READ,2024-09-27 14:00:02
HXGeysLUTNbz@gmail.com,CREATE,2024-09-27 03:52:23
sYBJe@mail.ru,DELETE,2024-09-27 15:23:33
eBXgJylCKFeC@gmail.com,DELETE,2024-09-27 18:55:35
sYBJe@mail.ru,DELETE,2024-09-27 08:28:08
VcXPBm@gmail.com,CREATE,2024-09-27 08:42:30
ZxbPkabSoQvsB@mail.ru,UPDATE,2024-09-27 04:32:30
VcXPBm@gmail.com,UPDATE,2024-09-27 00:41:38
TAwdEapPC@ya.ru,DELETE,2024-09-27 18:47:38
sYBJe@mail.ru,DELETE,2024-09-27 10:18:26
HXGeysLUTNbz@gmail.com,CREATE,2024-09-27 01:57:52
TAwdEapPC@ya.ru,DELETE,2024-09-27 14:58:15
DDEpKO@ya.ru,READ,2024-09-27 02:42:01
sYBJe@mail.ru,CREATE,2024-09-27 12:16:42
eBXgJylCKFeC@gmail.com,UPDATE,2024-09-27 12:42:53
rehcnee@ya.ru,DELETE,2024-09-27 20:50:05
ZxbPkabSoQvsB@mail.ru,DELETE,2024-09-27 16:30:53
VcXPBm@gmail.com,DELETE,2024-09-27 23:51:18
DDFdJQv@ya.ru,UPDATE,2024-09-27 02:56:13
DDFdJQv@ya.ru,CREATE,2024-09-27 00:23:58
DDFdJQv@ya.ru,CREATE,2024-09-27 12:10:24
eBXgJylCKFeC@gmail.com,CREATE,2024-09-27 03:56:13
TAwdEapPC@ya.ru,CREATE,2024-09-27 13:10:14
CMRzkv@gmail.com,DELETE,2024-09-27 09:28:29
DDEpKO@ya.ru,CREATE,2024-09-27 18:20:20
sYBJe@mail.ru,READ,2024-09-27 09:40:40
ZxbPkabSoQvsB@mail.ru,CREATE,2024-09-27 22:13:32
TAwdEapPC@ya.ru,CREATE,2024-09-27 08:16:37
HXGeysLUTNbz@gmail.com,DELETE,2024-09-27 16:38:10
TAwdEapPC@ya.ru,READ,2024-09-27 02:56:49
sYBJe@mail.ru,UPDATE,2024-09-27 18:07:24
eBXgJylCKFeC@gmail.com,UPDATE,2024-09-27 08:22:43
DDEpKO@ya.ru,UPDATE,2024-09-27 14:01:57
ZxbPkabSoQvsB@mail.ru,DELETE,2024-09-27 19:54:09
HXGeysLUTNbz@gmail.com,DELETE,2024-09-27 20:43:29
eBXgJylCKFeC@gmail.com,DELETE,2024-09-27 13:21:51
TAwdEapPC@ya.ru,READ,2024-09-27 15:41:00
ZxbPkabSoQvsB@mail.ru,UPDATE,2024-09-27 01:01:58
HXGeysLUTNbz@gmail.com,DELETE,2024-09-27 10:37:53
CMRzkv@gmail.com,DELETE,2024-09-27 01:07:46
HXGeysLUTNbz@gmail.com,UPDATE,2024-09-27 16:02:19
sYBJe@mail.ru,CREATE,2024-09-27 01:48:02
DDFdJQv@ya.ru,CREATE,2024-09-27 13:40:27
HXGeysLUTNbz@gmail.com,READ,2024-09-27 01:35:48
DDFdJQv@ya.ru,UPDATE,2024-09-27 06:07:34
HXGeysLUTNbz@gmail.com,READ,2024-09-27 11:21:05
sYBJe@mail.ru,UPDATE,2024-09-27 11:26:41
ZxbPkabSoQvsB@mail.ru,DELETE,2024-09-27 13:25:19
ZxbPkabSoQvsB@mail.ru,READ,2024-09-27 15:33:26
sYBJe@mail.ru,DELETE,2024-09-27 09:28:20
sYBJe@mail.ru,UPDATE,2024-09-27 08:40:28
ZxbPkabSoQvsB@mail.ru,CREATE,2024-09-27 00:30:55
DDEpKO@ya.ru,UPDATE,2024-09-27 22:59:46
TAwdEapPC@ya.ru,UPDATE,2024-09-27 10:30:59
DDFdJQv@ya.ru,READ,2024-09-27 15:30:33
sYBJe@mail.ru,READ,2024-09-27 12:26:04
TAwdEapPC@ya.ru,UPDATE,2024-09-27 11:17:23
HXGeysLUTNbz@gmail.com,READ,2024-09-27 08:23:56
CMRzkv@gmail.com,DELETE,2024-09-27 15:39:17
CMRzkv@gmail.com,READ,2024-09-27 21:53:44
HXGeysLUTNbz@gmail.com,DELETE,2024-09-27 03:50:46
DDFdJQv@ya.ru,CREATE,2024-09-27 20:29:23
HXGeysLUTNbz@gmail.com,READ,2024-09-27 22:54:09
HXGeysLUTNbz@gmail.com,UPDATE,2024-09-27 23:10:55
eBXgJylCKFeC@gmail.com,DELETE,2024-09-27 05:29:08
TAwdEapPC@ya.ru,DELETE,2024-09-27 05:19:16
DDEpKO@ya.ru,READ,2024-09-27 07:34:11
rehcnee@ya.ru,CREATE,2024-09-27 03:32:29
sYBJe@mail.ru,CREATE,2024-09-27 14:06:16
DDFdJQv@ya.ru,READ,2024-09-27 17:37:55
DDFdJQv@ya.ru,CREATE,2024-09-27 14:00:17
ZxbPkabSoQvsB@mail.ru,DELETE,2024-09-27 01:08:51
rehcnee@ya.ru,DELETE,2024-09-27 16:13:08
DDFdJQv@ya.ru,UPDATE,2024-09-27 04:09:06
rehcnee@ya.ru,DELETE,2024-09-27 04:58:58
eBXgJylCKFeC@gmail.com,READ,2024-09-27 05:04:21
CMRzkv@gmail.com,CREATE,2024-09-27 05:22:08
DDEpKO@ya.ru,UPDATE,2024-09-27 00:46:42
sYBJe@mail.ru,READ,2024-09-27 07:38:15
DDFdJQv@ya.ru,UPDATE,2024-09-27 17:02:10
VcXPBm@gmail.com,DELETE,2024-09-27 16:49:48
CMRzkv@gmail.com,READ,2024-09-27 11:07:51
rehcnee@ya.ru,UPDATE,2024-09-27 11:33:40
HXGeysLUTNbz@gmail.com,UPDATE,2024-09-27 11:27:34
rehcnee@ya.ru,CREATE,2024-09-27 11:20:51
rehcnee@ya.ru,CREATE,2024-09-27 09:35:11
sYBJe@mail.ru,CREATE,2024-09-27 18:02:38
DDFdJQv@ya.ru,READ,2024-09-27 13:56:29
TAwdEapPC@ya.ru,UPDATE,2024-09-27 01:47:53
DDFdJQv@ya.ru,READ,2024-09-27 18:54:43
sYBJe@mail.ru,CREATE,2024-09-27 07:51:57
HXGeysLUTNbz@gmail.com,CREATE,2024-09-27 09:16:35
rehcnee@ya.ru,READ,2024-09-27 09:35:58
sYBJe@mail.ru,READ,2024-09-27 04:24:51
TAwdEapPC@ya.ru,READ,2024-09-27 17:49:53
TAwdEapPC@ya.ru,READ,2024-09-27 07:15:20
DDFdJQv@ya.ru,DELETE,2024-09-27 23:06:39
VcXPBm@gmail.com,UPDATE,2024-09-27 18:07:25
HXGeysLUTNbz@gmail.com,DELETE,2024-09-27 02:25:35
rehcnee@ya.ru,UPDATE,2024-09-27 21:24:21
ZxbPkabSoQvsB@mail.ru,DELETE,2024-09-27 14:26:53
HXGeysLUTNbz@gmail.com,CREATE,2024-09-27 20:09:35
eBXgJylCKFeC@gmail.com,CREATE,2024-09-27 04:33:20
sYBJe@mail.ru,CREATE,2024-09-27 05:03:09
DDEpKO@ya.ru,DELETE,2024-09-27 09:17:08
HXGeysLUTNbz@gmail.com,UPDATE,2024-09-27 01:42:26
CMRzkv@gmail.com,CREATE,2024-09-27 08:09:20
VcXPBm@gmail.com,DELETE,2024-09-27 13:40:33
VcXPBm@gmail.com,READ,2024-09-27 02:47:41
ZxbPkabSoQvsB@mail.ru,READ,2024-09-27 15:44:30
ZxbPkabSoQvsB@mail.ru,READ,2024-09-27 19:27:03
eBXgJylCKFeC@gmail.com,READ,2024-09-27 21:23:20
CMRzkv@gmail.com,READ,2024-09-27 17:22:25
TAwdEapPC@ya.ru,READ,2024-09-27 19:17:08
rehcnee@ya.ru,CREATE,2024-09-27 01:44:15
CMRzkv@gmail.com,CREATE,2024-09-27 18:19:10
eBXgJylCKFeC@gmail.com,CREATE,2024-09-27 02:23:23
DDEpKO@ya.ru,CREATE,2024-09-27 07:25:47
CMRzkv@gmail.com,READ,2024-09-27 03:53:39
CMRzkv@gmail.com,UPDATE,2024-09-27 14:27:43
HXGeysLUTNbz@gmail.com,CREATE,2024-09-27 05:01:38
DDFdJQv@ya.ru,UPDATE,2024-09-27 18:52:10
TAwdEapPC@ya.ru,CREATE,2024-09-27 07:08:19
DDEpKO@ya.ru,UPDATE,2024-09-27 02:58:31
HXGeysLUTNbz@gmail.com,UPDATE,2024-09-27 09:14:41
DDFdJQv@ya.ru,READ,2024-09-27 09:06:59
CMRzkv@gmail.com,DELETE,2024-09-27 19:27:58
CMRzkv@gmail.com,DELETE,2024-09-27 02:50:28
VcXPBm@gmail.com,UPDATE,2024-09-27 08:13:28
ZxbPkabSoQvsB@mail.ru,UPDATE,2024-09-27 21:10:13
TAwdEapPC@ya.ru,CREATE,2024-09-27 00:31:10
VcXPBm@gmail.com,DELETE,2024-09-27 01:32:23
DDFdJQv@ya.ru,DELETE,2024-09-27 21:19:17
HXGeysLUTNbz@gmail.com,DELETE,2024-09-27 09:08:21
eBXgJylCKFeC@gmail.com,DELETE,2024-09-27 16:02:29
DDFdJQv@ya.ru,READ,2024-09-27 08:50:08
sYBJe@mail.ru,CREATE,2024-09-27 06:19:23
DDEpKO@ya.ru,UPDATE,2024-09-27 04:26:42
sYBJe@mail.ru,DELETE,2024-09-27 21:44:03
TAwdEapPC@ya.ru,UPDATE,2024-09-27 07:55:46
VcXPBm@gmail.com,CREATE,2024-09-27 01:48:35
CMRzkv@gmail.com,UPDATE,2024-09-27 19:27:17
eBXgJylCKFeC@gmail.com,UPDATE,2024-09-27 21:22:49
DDFdJQv@ya.ru,DELETE,2024-09-27 17:04:50
HXGeysLUTNbz@gmail.com,DELETE,2024-09-27 03:48:59
VcXPBm@gmail.com,UPDATE,2024-09-27 00:21:26
DDFdJQv@ya.ru,DELETE,2024-09-27 03:31:02
sYBJe@mail.ru,CREATE,2024-09-27 10:12:49
sYBJe@mail.ru,UPDATE,2024-09-27 23:52:40
TAwdEapPC@ya.ru,UPDATE,2024-09-27 12:18:40
CMRzkv@gmail.com,CREATE,2024-09-27 01:47:21
DDEpKO@ya.ru,CREATE,2024-09-27 16:53:34
DDFdJQv@ya.ru,CREATE,2024-09-27 03:54:23
rehcnee@ya.ru,UPDATE,2024-09-27 03:57:03
HXGeysLUTNbz@gmail.com,CREATE,2024-09-27 08:51:25
rehcnee@ya.ru,CREATE,2024-09-27 07:09:49
rehcnee@ya.ru,CREATE,2024-09-27 23:35:13
CMRzkv@gmail.com,UPDATE,2024-09-27 08:12:42
HXGeysLUTNbz@gmail.com,UPDATE,2024-09-27 10:40:35
CMRzkv@gmail.com,CREATE,2024-09-27 17:07:13
rehcnee@ya.ru,DELETE,2024-09-27 15:44:08
TAwdEapPC@ya.ru,DELETE,2024-09-27 19:29:07
DDEpKO@ya.ru,UPDATE,2024-09-27 11:50:25
DDEpKO@ya.ru,READ,2024-09-27 12:52:35
eBXgJylCKFeC@gmail.com,CREATE,2024-09-27 00:00:29
DDFdJQv@ya.ru,UPDATE,2024-09-27 07:45:22
ZxbPkabSoQvsB@mail.ru,CREATE,2024-09-27 06:48:15
rehcnee@ya.ru,UPDATE,2024-09-27 23:24:00
TAwdEapPC@ya.ru,DELETE,2024-09-27 02:16:29
VcXPBm@gmail.com,READ,2024-09-27 01:14:53
CMRzkv@gmail.com,UPDATE,2024-09-27 06:13:50
DDEpKO@ya.ru,UPDATE,2024-09-27 18:14:54
DDFdJQv@ya.ru,READ,2024-09-27 16:11:32
TAwdEapPC@ya.ru,READ,2024-09-27 12:36:29
HXGeysLUTNbz@gmail.com,DELETE,2024-09-27 13:07:59
CMRzkv@gmail.com,UPDATE,2024-09-27 18:45:23
CMRzkv@gmail.com,CREATE,2024-09-27 16:59:56
eBXgJylCKFeC@gmail.com,READ,2024-09-27 08:50:46
rehcnee@ya.ru,CREATE,2024-09-27 04:03:08
CMRzkv@gmail.com,DELETE,2024-09-27 08:07:39
eBXgJylCKFeC@gmail.com,DELETE,2024-09-27 09:59:53
TAwdEapPC@ya.ru,UPDATE,2024-09-27 10:18:05
ZxbPkabSoQvsB@mail.ru,DELETE,2024-09-27 20:42:46
DDEpKO@ya.ru,CREATE,2024-09-27 00:01:05
rehcnee@ya.ru,UPDATE,2024-09-27 07:09:16
ZxbPkabSoQvsB@mail.ru,UPDATE,2024-09-27 00:44:49
TAwdEapPC@ya.ru,DELETE,2024-09-27 01:47:05
VcXPBm@gmail.com,CREATE,2024-09-27 08:27:36
ZxbPkabSoQvsB@mail.ru,UPDATE,2024-09-27 18:10:01
CMRzkv@gmail.com,DELETE,2024-09-27 17:23:24
CMRzkv@gmail.com,DELETE,2024-09-27 08:33:31
CMRzkv@gmail.com,UPDATE,2024-09-27 14:55:15
DDEpKO@ya.ru,READ,2024-09-27 14:31:41
eBXgJylCKFeC@gmail.com,DELETE,2024-09-27 12:16:26
HXGeysLUTNbz@gmail.com,READ,2024-09-27 07:01:53
DDEpKO@ya.ru,READ,2024-09-27 22:00:13
CMRzkv@gmail.com,READ,2024-09-27 17:18:49
HXGeysLUTNbz@gmail.com,UPDATE,2024-09-27 04:24:23
VcXPBm@gmail.com,DELETE,2024-09-27 09:11:07
eBXgJylCKFeC@gmail.com,READ,2024-09-27 10:31:09
TAwdEapPC@ya.ru,UPDATE,2024-09-27 09:25:16
eBXgJylCKFeC@gmail.com,READ,2024-09-27 11:54:59
DDEpKO@ya.ru,READ,2024-09-27 13:38:03
HXGeysLUTNbz@gmail.com,UPDATE,2024-09-27 00:29:05
DDEpKO@ya.ru,CREATE,2024-09-27 22:59:18
VcXPBm@gmail.com,CREATE,2024-09-27 02:45:19
HXGeysLUTNbz@gmail.com,READ,2024-09-27 12:12:29
DDFdJQv@ya.ru,READ,2024-09-27 16:30:14
CMRzkv@gmail.com,DELETE,2024-09-27 20:32:47
sYBJe@mail.ru,CREATE,2024-09-27 03:01:55
rehcnee@ya.ru,DELETE,2024-09-27 09:33:31
HXGeysLUTNbz@gmail.com,READ,2024-09-27 21:14:03
VcXPBm@gmail.com,UPDATE,2024-09-27 20:17:28
sYBJe@mail.ru,DELETE,2024-09-27 07:54:34
VcXPBm@gmail.com,READ,2024-09-27 15:42:18
TAwdEapPC@ya.ru,DELETE,2024-09-27 22:43:54
eBXgJylCKFeC@gmail.com,READ,2024-09-27 03:35:10
sYBJe@mail.ru,READ,2024-09-27 07:45:13
rehcnee@ya.ru,UPDATE,2024-09-27 23:43:50
DDEpKO@ya.ru,READ,2024-09-27 09:31:08
TAwdEapPC@ya.ru,DELETE,2024-09-27 02:08:25
TAwdEapPC@ya.ru,READ,2024-09-27 11:58:45
ZxbPkabSoQvsB@mail.ru,READ,2024-09-27 14:48:09
CMRzkv@gmail.com,CREATE,2024-09-27 06:13:20
DDFdJQv@ya.ru,UPDATE,2024-09-27 17:48:25
VcXPBm@gmail.com,CREATE,2024-09-27 09:01:21
eBXgJylCKFeC@gmail.com,CREATE,2024-09-27 21:47:06
DDFdJQv@ya.ru,DELETE,2024-09-27 07:30:31
TAwdEapPC@ya.ru,UPDATE,2024-09-27 01:43:23
ZxbPkabSoQvsB@mail.ru,DELETE,2024-09-27 05:10:09
HXGeysLUTNbz@gmail.com,CREATE,2024-09-27 17:36:30
sYBJe@mail.ru,READ,2024-09-27 06:36:30
rehcnee@ya.ru,DELETE,2024-09-27 08:34:59
sYBJe@mail.ru,DELETE,2024-09-27 19:07:30
TAwdEapPC@ya.ru,READ,2024-09-27 03:04:35
HXGeysLUTNbz@gmail.com,UPDATE,2024-09-27 09:02:53
VcXPBm@gmail.com,READ,2024-09-27 09:00:11
HXGeysLUTNbz@gmail.com,DELETE,2024-09-27 18:42:43
VcXPBm@gmail.com,CREATE,2024-09-27 13:18:35
VcXPBm@gmail.com,CREATE,2024-09-27 07:35:23
HXGeysLUTNbz@gmail.com,READ,2024-09-27 21:07:22
DDFdJQv@ya.ru,CREATE,2024-09-27 22:12:34
sYBJe@mail.ru,UPDATE,2024-09-27 00:25:04
DDEpKO@ya.ru,UPDATE,2024-09-27 04:15:29
VcXPBm@gmail.com,CREATE,2024-09-27 06:28:47
sYBJe@mail.ru,DELETE,2024-09-27 22:59:11
HXGeysLUTNbz@gmail.com,CREATE,2024-09-27 17:09:12
HXGeysLUTNbz@gmail.com,READ,2024-09-27 16:01:15
ZxbPkabSoQvsB@mail.ru,CREATE,2024-09-27 07:11:39
DDEpKO@ya.ru,UPDATE,2024-09-27 02:13:36
rehcnee@ya.ru,DELETE,2024-09-27 04:54:53
sYBJe@mail.ru,UPDATE,2024-09-27 19:21:35
ZxbPkabSoQvsB@mail.ru,DELETE,2024-09-27 20:47:30
DDEpKO@ya.ru,CREATE,2024-09-27 01:21:27
ZxbPkabSoQvsB@mail.ru,READ,2024-09-27 19:58:23
VcXPBm@gmail.com,DELETE,2024-09-27 02:09:58
DDEpKO@ya.ru,CREATE,2024-09-27 14:58:31
HXGeysLUTNbz@gmail.com,DELETE,2024-09-27 00:04:37
DDFdJQv@ya.ru,UPDATE,2024-09-27 18:43:27
DDFdJQv@ya.ru,DELETE,2024-09-27 23:07:42
TAwdEapPC@ya.ru,UPDATE,2024-09-27 23:36:15
sYBJe@mail.ru,CREATE,2024-09-27 02:08:33
eBXgJylCKFeC@gmail.com,UPDATE,2024-09-27 02:45:02
DDFdJQv@ya.ru,UPDATE,2024-09-27 18:04:15
DDEpKO@ya.ru,UPDATE,2024-09-27 01:20:13
DDFdJQv@ya.ru,DELETE,2024-09-27 00:24:28
DDFdJQv@ya.ru,UPDATE,2024-09-27 21:43:11
TAwdEapPC@ya.ru,CREATE,2024-09-27 18:33:02
ZxbPkabSoQvsB@mail.ru,UPDATE,2024-09-27 21:34:05
DDFdJQv@ya.ru,READ,2024-09-27 07:25:03
VcXPBm@gmail.com,CREATE,2024-09-27 11:47:54
HXGeysLUTNbz@gmail.com,UPDATE,2024-09-27 13:44:17
CMRzkv@gmail.com,CREATE,2024-09-27 18:19:18
DDFdJQv@ya.ru,READ,2024-09-27 18:36:27
rehcnee@ya.ru,CREATE,2024-09-27 07:42:13
CMRzkv@gmail.com,UPDATE,2024-09-27 13:55:32
rehcnee@ya.ru,DELETE,2024-09-27 17:26:32
HXGeysLUTNbz@gmail.com,READ,2024-09-27 06:41:16
TAwdEapPC@ya.ru,CREATE,2024-09-27 12:07:23
CMRzkv@gmail.com,UPDATE,2024-09-27 18:41:50
CMRzkv@gmail.com,CREATE,2024-09-27 01:54:15
rehcnee@ya.ru,READ,2024-09-27 20:51:10
ZxbPkabSoQvsB@mail.ru,CREATE,2024-09-27 10:42:40
sYBJe@mail.ru,DELETE,2024-09-27 07:06:15
TAwdEapPC@ya.ru,DELETE,2024-09-27 21:49:02
ZxbPkabSoQvsB@mail.ru,READ,2024-09-27 13:12:17
ZxbPkabSoQvsB@mail.ru,CREATE,2024-09-27 14:20:33
DDFdJQv@ya.ru,CREATE,2024-09-27 11:49:34
DDFdJQv@ya.ru,UPDATE,2024-09-27 20:04:41
TAwdEapPC@ya.ru,UPDATE,2024-09-27 12:15:02
sYBJe@mail.ru,READ,2024-09-27 03:50:58
DDFdJQv@ya.ru,READ,2024-09-27 07:26:04
CMRzkv@gmail.com,CREATE,2024-09-27 17:42:38
CMRzkv@gmail.com,CREATE,2024-09-27 10:52:24
TAwdEapPC@ya.ru,DELETE,2024-09-27 23:00:59
eBXgJylCKFeC@gmail.com,CREATE,2024-09-27 12:07:29
VcXPBm@gmail.com,DELETE,2024-09-27 19:03:32
eBXgJylCKFeC@gmail.com,UPDATE,2024-09-27 23:32:21
HXGeysLUTNbz@gmail.com,DELETE,2024-09-27 21:16:34
CMRzkv@gmail.com,UPDATE,2024-09-27 14:43:27
ZxbPkabSoQvsB@mail.ru,DELETE,2024-09-27 12:01:15
HXGeysLUTNbz@gmail.com,UPDATE,2024-09-27 02:33:25
VcXPBm@gmail.com,READ,2024-09-27 08:32:29
VcXPBm@gmail.com,DELETE,2024-09-27 21:22:19
VcXPBm@gmail.com,READ,2024-09-27 15:31:25
ZxbPkabSoQvsB@mail.ru,CREATE,2024-09-27 00:22:09
rehcnee@ya.ru,DELETE,2024-09-27 09:22:52
HXGeysLUTNbz@gmail.com,UPDATE,2024-09-27 19:46:11
CMRzkv@gmail.com,CREATE,2024-09-27 11:57:58
DDEpKO@ya.ru,DELETE,2024-09-27 13:10:04
CMRzkv@gmail.com,UPDATE,2024-09-27 04:23:48
sYBJe@mail.ru,CREATE,2024-09-27 17:52:18
CMRzkv@gmail.com,DELETE,2024-09-27 18:35:29
rehcnee@ya.ru,CREATE,2024-09-27 08:09:17
VcXPBm@gmail.com,CREATE,2024-09-27 00:54:09
ZxbPkabSoQvsB@mail.ru,READ,2024-09-27 10:38:30
VcXPBm@gmail.com,READ,2024-09-27 19:32:52
sYBJe@mail.ru,DELETE,2024-09-27 03:00:15
HXGeysLUTNbz@gmail.com,CREATE,2024-09-27 21:30:03
TAwdEapPC@ya.ru,READ,2024-09-27 19:04:26
eBXgJylCKFeC@gmail.com,DELETE,2024-09-27 14:33:23
sYBJe@mail.ru,READ,2024-09-27 00:28:19
eBXgJylCKFeC@gmail.com,UPDATE,2024-09-27 01:19:52
ZxbPkabSoQvsB@mail.ru,CREATE,2024-09-27 09:55:16
ZxbPkabSoQvsB@mail.ru,READ,2024-09-27 22:04:07
CMRzkv@gmail.com,READ,2024-09-27 14:52:58
HXGeysLUTNbz@gmail.com,CREATE,2024-09-27 14:42:49
TAwdEapPC@ya.ru,DELETE,2024-09-27 07:39:42
VcXPBm@gmail.com,DELETE,2024-09-27 10:39:25
ZxbPkabSoQvsB@mail.ru,UPDATE,2024-09-27 08:50:29
eBXgJylCKFeC@gmail.com,UPDATE,2024-09-27 13:43:11
sYBJe@mail.ru,CREATE,2024-09-27 15:02:34
DDFdJQv@ya.ru,READ,2024-09-27 09:15:01
rehcnee@ya.ru,READ,2024-09-27 20:54:05
rehcnee@ya.ru,UPDATE,2024-09-27 05:02:58
rehcnee@ya.ru,READ,2024-09-27 21:28:17
TAwdEapPC@ya.ru,CREATE,2024-09-27 00:50:02
eBXgJylCKFeC@gmail.com,READ,2024-09-27 10:16:00
sYBJe@mail.ru,DELETE,2024-09-27 16:11:12
TAwdEapPC@ya.ru,UPDATE,2024-09-27 17:47:16
rehcnee@ya.ru,READ,2024-09-27 04:25:10
rehcnee@ya.ru,READ,2024-09-27 05:04:34
eBXgJylCKFeC@gmail.com,UPDATE,2024-09-27 09:09:59
rehcnee@ya.ru,READ,2024-09-27 17:11:03
sYBJe@mail.ru,CREATE,2024-09-27 19:55:09
rehcnee@ya.ru,UPDATE,2024-09-27 15:38:41
DDEpKO@ya.ru,DELETE,2024-09-27 04:28:00
rehcnee@ya.ru,DELETE,2024-09-27 13:50:12
VcXPBm@gmail.com,CREATE,2024-09-27 05:52:46
CMRzkv@gmail.com,CREATE,2024-09-27 16:10:21
VcXPBm@gmail.com,READ,2024-09-27 04:41:37
VcXPBm@gmail.com,DELETE,2024-09-27 18:44:22
VcXPBm@gmail.com,READ,2024-09-27 15:07:06
DDEpKO@ya.ru,UPDATE,2024-09-27 07:59:33
eBXgJylCKFeC@gmail.com,UPDATE,2024-09-27 11:41:10
HXGeysLUTNbz@gmail.com,DELETE,2024-09-27 12:34:16
HXGeysLUTNbz@gmail.com,UPDATE,2024-09-27 22:22:45
HXGeysLUTNbz@gmail.com,UPDATE,2024-09-27 00:03:03
HXGeysLUTNbz@gmail.com,CREATE,2024-09-27 10:56:03
CMRzkv@gmail.com,CREATE,2024-09-27 05:49:26
rehcnee@ya.ru,UPDATE,2024-09-27 19:18:20
CMRzkv@gmail.com,READ,2024-09-27 15:11:54
rehcnee@ya.ru,CREATE,2024-09-27 06:49:23
sYBJe@mail.ru,READ,2024-09-27 11:09:57
eBXgJylCKFeC@gmail.com,READ,2024-09-27 17:45:24
DDEpKO@ya.ru,DELETE,2024-09-27 22:25:53
HXGeysLUTNbz@gmail.com,UPDATE,2024-09-27 09:47:49
CMRzkv@gmail.com,UPDATE,2024-09-27 20:41:04
ZxbPkabSoQvsB@mail.ru,READ,2024-09-27 09:04:16
DDEpKO@ya.ru,READ,2024-09-27 20:49:30
ZxbPkabSoQvsB@mail.ru,READ,2024-09-27 10:54:08
CMRzkv@gmail.com,DELETE,2024-09-27 07:31:42
eBXgJylCKFeC@gmail.com,READ,2024-09-27 08:12:49
sYBJe@mail.ru,UPDATE,2024-09-27 00:16:52
sYBJe@mail.ru,CREATE,2024-09-27 02:49:04
DDEpKO@ya.ru,READ,2024-09-27 23:01:47
DDEpKO@ya.ru,DELETE,2024-09-27 04:22:00
CMRzkv@gmail.com,UPDATE,2024-09-27 14:19:33
ZxbPkabSoQvsB@mail.ru,DELETE,2024-09-27 12:43:19
sYBJe@mail.ru,DELETE,2024-09-27 16:05:12
rehcnee@ya.ru,DELETE,2024-09-27 21:57:31
sYBJe@mail.ru,UPDATE,2024-09-27 00:31:47
TAwdEapPC@ya.ru,UPDATE,2024-09-27 18:57:28
DDFdJQv@ya.ru,READ,2024-09-27 20:25:18
eBXgJylCKFeC@gmail.com,READ,2024-09-27 18:40:12
VcXPBm@gmail.com,CREATE,2024-09-27 17:25:30
ZxbPkabSoQvsB@mail.ru,UPDATE,2024-09-27 14:42:34
eBXgJylCKFeC@gmail.com,CREATE,2024-09-27 04:18:20
eBXgJylCKFeC@gmail.com,READ,2024-09-27 07:36:30
TAwdEapPC@ya.ru,UPDATE,2024-09-27 15:41:55
TAwdEapPC@ya.ru,READ,2024-09-27 16:31:39
TAwdEapPC@ya.ru,DELETE,2024-09-27 08:10:01
HXGeysLUTNbz@gmail.com,UPDATE,2024-09-27 02:47:24
VcXPBm@gmail.com,CREATE,2024-09-27 05:07:07
sYBJe@mail.ru,DELETE,2024-09-27 20:01:25
ZxbPkabSoQvsB@mail.ru,READ,2024-09-27 13:59:45
rehcnee@ya.ru,UPDATE,2024-09-27 15:39:47
sYBJe@mail.ru,READ,2024-09-27 08:57:37
DDEpKO@ya.ru,READ,2024-09-27 06:43:20
VcXPBm@gmail.com,CREATE,2024-09-27 04:15:07
TAwdEapPC@ya.ru,READ,2024-09-27 08:27:14
rehcnee@ya.ru,UPDATE,2024-09-27 02:06:02
DDFdJQv@ya.ru,CREATE,2024-09-27 23:22:02
CMRzkv@gmail.com,DELETE,2024-09-27 02:16:44
sYBJe@mail.ru,UPDATE,2024-09-27 04:18:07
CMRzkv@gmail.com,CREATE,2024-09-27 13:43:46
HXGeysLUTNbz@gmail.com,UPDATE,2024-09-27 19:45:41
CMRzkv@gmail.com,CREATE,2024-09-27 06:27:28
eBXgJylCKFeC@gmail.com,UPDATE,2024-09-27 16:54:35
CMRzkv@gmail.com,CREATE,2024-09-27 06:18:25
VcXPBm@gmail.com,UPDATE,2024-09-27 12:39:59
CMRzkv@gmail.com,DELETE,2024-09-27 19:32:18
CMRzkv@gmail.com,UPDATE,2024-09-27 10:15:46
HXGeysLUTNbz@gmail.com,READ,2024-09-27 10:20:15
TAwdEapPC@ya.ru,UPDATE,2024-09-27 09:19:43
sYBJe@mail.ru,READ,2024-09-27 10:34:12
eBXgJylCKFeC@gmail.com,UPDATE,2024-09-27 13:53:56
rehcnee@ya.ru,UPDATE,2024-09-27 03:26:00
sYBJe@mail.ru,READ,2024-09-27 12:40:40
DDFdJQv@ya.ru,CREATE,2024-09-27 02:05:41
CMRzkv@gmail.com,UPDATE,2024-09-27 05:50:15
eBXgJylCKFeC@gmail.com,CREATE,2024-09-27 17:52:11
DDEpKO@ya.ru,DELETE,2024-09-27 20:08:57
VcXPBm@gmail.com,READ,2024-09-27 02:48:42
VcXPBm@gmail.com,READ,2024-09-27 10:26:56
HXGeysLUTNbz@gmail.com,CREATE,2024-09-27 22:50:09
rehcnee@ya.ru,CREATE,2024-09-27 15:05:42
DDEpKO@ya.ru,UPDATE,2024-09-27 03:22:18
rehcnee@ya.ru,CREATE,2024-09-27 16:50:17
ZxbPkabSoQvsB@mail.ru,DELETE,2024-09-27 01:27:25
VcXPBm@gmail.com,UPDATE,2024-09-27 23:36:38
ZxbPkabSoQvsB@mail.ru,CREATE,2024-09-27 22:03:41
CMRzkv@gmail.com,DELETE,2024-09-27 06:24:53
DDFdJQv@ya.ru,READ,2024-09-27 09:28:01
VcXPBm@gmail.com,READ,2024-09-27 15:39:13
ZxbPkabSoQvsB@mail.ru,DELETE,2024-09-27 15:47:25
VcXPBm@gmail.com,DELETE,2024-09-27 15:14:49
HXGeysLUTNbz@gmail.com,DELETE,2024-09-27 08:45:23
TAwdEapPC@ya.ru,READ,2024-09-27 20:04:29
VcXPBm@gmail.com,READ,2024-09-27 20:17:05
eBXgJylCKFeC@gmail.com,DELETE,2024-09-27 12:09:40
HXGeysLUTNbz@gmail.com,DELETE,2024-09-27 20:26:49
sYBJe@mail.ru,DELETE,2024-09-27 03:19:20
HXGeysLUTNbz@gmail.com,DELETE,2024-09-27 15:08:16
CMRzkv@gmail.com,DELETE,2024-09-27 23:38:01
CMRzkv@gmail.com,UPDATE,2024-09-27 07:00:11
DDFdJQv@ya.ru,READ,2024-09-27 22:26:28
DDFdJQv@ya.ru,CREATE,2024-09-27 00:08:40
TAwdEapPC@ya.ru,CREATE,2024-09-27 19:40:40
rehcnee@ya.ru,READ,2024-09-27 16:19:40
rehcnee@ya.ru,CREATE,2024-09-27 14:25:41
CMRzkv@gmail.com,DELETE,2024-09-27 14:16:29
DDEpKO@ya.ru,CREATE,2024-09-27 19:56:55
sYBJe@mail.ru,CREATE,2024-09-27 15:09:57
VcXPBm@gmail.com,DELETE,2024-09-27 10:54:00
TAwdEapPC@ya.ru,UPDATE,2024-09-27 15:42:33
DDFdJQv@ya.ru,UPDATE,2024-09-27 22:10:04
CMRzkv@gmail.com,DELETE,2024-09-27 15:16:08
VcXPBm@gmail.com,DELETE,2024-09-27 11:05:13
sYBJe@mail.ru,UPDATE,2024-09-27 20:30:03
VcXPBm@gmail.com,READ,2024-09-27 08:30:40
eBXgJylCKFeC@gmail.com,UPDATE,2024-09-27 20:20:51
TAwdEapPC@ya.ru,UPDATE,2024-09-27 11:24:46
DDFdJQv@ya.ru,READ,2024-09-27 04:51:53
TAwdEapPC@ya.ru,READ,2024-09-27 19:42:05
TAwdEapPC@ya.ru,UPDATE,2024-09-27 21:37:40
ZxbPkabSoQvsB@mail.ru,DELETE,2024-09-27 13:12:29
eBXgJylCKFeC@gmail.com,UPDATE,2024-09-27 13:57:02
HXGeysLUTNbz@gmail.com,CREATE,2024-09-27 06:38:57
HXGeysLUTNbz@gmail.com,UPDATE,2024-09-27 06:08:14
eBXgJylCKFeC@gmail.com,CREATE,2024-09-27 07:49:00
TAwdEapPC@ya.ru,UPDATE,2024-09-27 23:26:50
DDFdJQv@ya.ru,UPDATE,2024-09-27 01:19:43
DDEpKO@ya.ru,CREATE,2024-09-27 06:52:12
ZxbPkabSoQvsB@mail.ru,UPDATE,2024-09-27 10:01:16
eBXgJylCKFeC@gmail.com,DELETE,2024-09-27 16:52:08
rehcnee@ya.ru,DELETE,2024-09-27 07:14:15
VcXPBm@gmail.com,DELETE,2024-09-27 04:45:23
VcXPBm@gmail.com,CREATE,2024-09-27 11:57:34
HXGeysLUTNbz@gmail.com,READ,2024-09-27 00:40:29
sYBJe@mail.ru,CREATE,2024-09-27 22:36:06
DDEpKO@ya.ru,READ,2024-09-27 10:23:32
HXGeysLUTNbz@gmail.com,DELETE,2024-09-27 10:08:02
ZxbPkabSoQvsB@mail.ru,READ,2024-09-27 02:40:40
ZxbPkabSoQvsB@mail.ru,UPDATE,2024-09-27 01:25:08
sYBJe@mail.ru,DELETE,2024-09-27 12:20:03
DDFdJQv@ya.ru,DELETE,2024-09-27 07:00:18
rehcnee@ya.ru,UPDATE,2024-09-27 16:35:11
eBXgJylCKFeC@gmail.com,UPDATE,2024-09-27 22:32:23
TAwdEapPC@ya.ru,DELETE,2024-09-27 09:39:25
TAwdEapPC@ya.ru,READ,2024-09-27 06:00:37
TAwdEapPC@ya.ru,CREATE,2024-09-27 01:08:29
eBXgJylCKFeC@gmail.com,READ,2024-09-27 08:23:11
eBXgJylCKFeC@gmail.com,DELETE,2024-09-27 19:15:18
rehcnee@ya.ru,UPDATE,2024-09-27 15:09:48
ZxbPkabSoQvsB@mail.ru,CREATE,2024-09-27 17:01:32
eBXgJylCKFeC@gmail.com,DELETE,2024-09-27 21:58:31
TAwdEapPC@ya.ru,CREATE,2024-09-27 13:39:55
DDEpKO@ya.ru,UPDATE,2024-09-27 12:31:36
rehcnee@ya.ru,DELETE,2024-09-27 16:25:57
DDEpKO@ya.ru,DELETE,2024-09-27 23:21:36
rehcnee@ya.ru,UPDATE,2024-09-27 14:22:31
CMRzkv@gmail.com,UPDATE,2024-09-27 10:10:10
rehcnee@ya.ru,DELETE,2024-09-27 17:49:06
ZxbPkabSoQvsB@mail.ru,UPDATE,2024-09-27 07:54:47
DDEpKO@ya.ru,DELETE,2024-09-27 14:12:16
DDEpKO@ya.ru,CREATE,2024-09-27 19:40:39
ZxbPkabSoQvsB@mail.ru,UPDATE,2024-09-27 09:21:29
TAwdEapPC@ya.ru,UPDATE,2024-09-27 15:50:22
TAwdEapPC@ya.ru,UPDATE,2024-09-27 02:03:52
rehcnee@ya.ru,DELETE,2024-09-27 13:32:34
CMRzkv@gmail.com,READ,2024-09-27 04:56:27
HXGeysLUTNbz@gmail.com,CREATE,2024-09-27 11:42:06
CMRzkv@gmail.com,READ,2024-09-27 00:27:25
TAwdEapPC@ya.ru,UPDATE,2024-09-27 22:35:08
rehcnee@ya.ru,READ,2024-09-27 13:10:38
eBXgJylCKFeC@gmail.com,UPDATE,2024-09-27 08:31:47
TAwdEapPC@ya.ru,UPDATE,2024-09-27 11:14:40
eBXgJylCKFeC@gmail.com,UPDATE,2024-09-27 00:38:52
eBXgJylCKFeC@gmail.com,UPDATE,2024-09-27 05:32:33
DDFdJQv@ya.ru,DELETE,2024-09-27 09:50:58
CMRzkv@gmail.com,CREATE,2024-09-27 12:47:25
CMRzkv@gmail.com,DELETE,2024-09-27 00:50:16
DDFdJQv@ya.ru,DELETE,2024-09-27 22:34:56
CMRzkv@gmail.com,READ,2024-09-27 06:35:26
ZxbPkabSoQvsB@mail.ru,UPDATE,2024-09-27 23:16:34
HXGeysLUTNbz@gmail.com,DELETE,2024-09-27 18:00:31
DDEpKO@ya.ru,CREATE,2024-09-27 17:42:41
HXGeysLUTNbz@gmail.com,DELETE,2024-09-27 01:28:57
VcXPBm@gmail.com,DELETE,2024-09-27 10:55:48
eBXgJylCKFeC@gmail.com,CREATE,2024-09-27 17:18:26
VcXPBm@gmail.com,READ,2024-09-27 06:17:40
ZxbPkabSoQvsB@mail.ru,READ,2024-09-27 23:06:02
TAwdEapPC@ya.ru,CREATE,2024-09-27 03:01:26
ZxbPkabSoQvsB@mail.ru,CREATE,2024-09-27 01:34:04
sYBJe@mail.ru,READ,2024-09-27 20:55:51
CMRzkv@gmail.com,UPDATE,2024-09-27 05:08:34
sYBJe@mail.ru,READ,2024-09-27 10:22:10
DDEpKO@ya.ru,CREATE,2024-09-27 12:11:13
ZxbPkabSoQvsB@mail.ru,READ,2024-09-27 13:32:07
HXGeysLUTNbz@gmail.com,READ,2024-09-27 02:07:14
sYBJe@mail.ru,READ,2024-09-27 07:04:21
eBXgJylCKFeC@gmail.com,READ,2024-09-27 18:17:53
ZxbPkabSoQvsB@mail.ru,UPDATE,2024-09-27 09:55:19
DDEpKO@ya.ru,UPDATE,2024-09-27 06:38:43
rehcnee@ya.ru,READ,2024-09-27 01:40:42
DDEpKO@ya.ru,CREATE,2024-09-27 01:43:43
TAwdEapPC@ya.ru,READ,2024-09-27 15:48:26
DDFdJQv@ya.ru,READ,2024-09-27 02:20:34
HXGeysLUTNbz@gmail.com,CREATE,2024-09-27 03:32:48
eBXgJylCKFeC@gmail.com,UPDATE,2024-09-27 03:26:55
HXGeysLUTNbz@gmail.com,READ,2024-09-27 09:38:41
TAwdEapPC@ya.ru,DELETE,2024-09-27 02:43:59
sYBJe@mail.ru,UPDATE,2024-09-27 02:48:15
CMRzkv@gmail.com,READ,2024-09-27 03:48:34
HXGeysLUTNbz@gmail.com,DELETE,2024-09-27 14:15:38
VcXPBm@gmail.com,CREATE,2024-09-27 12:21:11
CMRzkv@gmail.com,DELETE,2024-09-27 02:09:15
sYBJe@mail.ru,CREATE,2024-09-27 07:21:26
VcXPBm@gmail.com,READ,2024-09-27 16:10:54
TAwdEapPC@ya.ru,DELETE,2024-09-27 16:40:20
rehcnee@ya.ru,READ,2024-09-27 00:58:09
rehcnee@ya.ru,UPDATE,2024-09-27 08:57:27
CMRzkv@gmail.com,READ,2024-09-27 15:41:19
eBXgJylCKFeC@gmail.com,UPDATE,2024-09-27 06:56:25
VcXPBm@gmail.com,READ,2024-09-27 08:11:34
DDEpKO@ya.ru,CREATE,2024-09-27 14:12:19
CMRzkv@gmail.com,DELETE,2024-09-27 02:20:24
sYBJe@mail.ru,READ,2024-09-27 12:27:47
DDEpKO@ya.ru,UPDATE,2024-09-27 20:25:45
DDEpKO@ya.ru,UPDATE,2024-09-27 00:32:52
VcXPBm@gmail.com,DELETE,2024-09-27 11:33:11
ZxbPkabSoQvsB@mail.ru,CREATE,2024-09-27 05:32:41
rehcnee@ya.ru,READ,2024-09-27 17:20:38
VcXPBm@gmail.com,UPDATE,2024-09-27 22:37:35
eBXgJylCKFeC@gmail.com,DELETE,2024-09-27 08:52:18
sYBJe@mail.ru,DELETE,2024-09-27 19:02:52
ZxbPkabSoQvsB@mail.ru,DELETE,2024-09-27 21:14:28
VcXPBm@gmail.com,CREATE,2024-09-27 17:47:03
sYBJe@mail.ru,READ,2024-09-27 23:16:32
TAwdEapPC@ya.ru,READ,2024-09-27 08:59:15
DDFdJQv@ya.ru,READ,2024-09-27 07:16:36
TAwdEapPC@ya.ru,READ,2024-09-27 11:27:42
ZxbPkabSoQvsB@mail.ru,READ,2024-09-27 15:39:27
TAwdEapPC@ya.ru,UPDATE,2024-09-27 23:33:33
rehcnee@ya.ru,READ,2024-09-27 06:24:38
DDEpKO@ya.ru,UPDATE,2024-09-27 08:59:40
DDFdJQv@ya.ru,READ,2024-09-27 00:52:44
CMRzkv@gmail.com,READ,2024-09-27 06:18:02
sYBJe@mail.ru,READ,2024-09-27 18:13:58
TAwdEapPC@ya.ru,READ,2024-09-27 21:40:57
ZxbPkabSoQvsB@mail.ru,UPDATE,2024-09-27 20:45:54
sYBJe@mail.ru,CREATE,2024-09-27 05:41:18
VcXPBm@gmail.com,DELETE,2024-09-27 13:51:50
HXGeysLUTNbz@gmail.com,UPDATE,2024-09-27 12:07:42
rehcnee@ya.ru,READ,2024-09-27 23:03:06
CMRzkv@gmail.com,UPDATE,2024-09-27 00:14:52
eBXgJylCKFeC@gmail.com,UPDATE,2024-09-27 11:17:30
ZxbPkabSoQvsB@mail.ru,READ,2024-09-27 08:16:56
CMRzkv@gmail.com,READ,2024-09-27 16:39:40
rehcnee@ya.ru,CREATE,2024-09-27 16:44:30
TAwdEapPC@ya.ru,UPDATE,2024-09-27 07:44:25
DDEpKO@ya.ru,CREATE,2024-09-27 21:14:14
eBXgJylCKFeC@gmail.com,CREATE,2024-09-27 18:41:22
DDEpKO@ya.ru,DELETE,2024-09-27 16:30:13
VcXPBm@gmail.com,CREATE,2024-09-27 23:49:47
ZxbPkabSoQvsB@mail.ru,READ,2024-09-27 03:08:22
HXGeysLUTNbz@gmail.com,CREATE,2024-09-27 23:23:21
eBXgJylCKFeC@gmail.com,DELETE,2024-09-27 02:48:16
HXGeysLUTNbz@gmail.com,CREATE,2024-09-27 16:34:02
ZxbPkabSoQvsB@mail.ru,READ,2024-09-27 04:10:32
ZxbPkabSoQvsB@mail.ru,DELETE,2024-09-27 02:11:16
ZxbPkabSoQvsB@mail.ru,UPDATE,2024-09-27 13:24:34
ZxbPkabSoQvsB@mail.ru,READ,2024-09-27 18:36:14
CMRzkv@gmail.com,UPDATE,2024-09-27 01:58:24
TAwdEapPC@ya.ru,UPDATE,2024-09-27 13:21:35
CMRzkv@gmail.com,CREATE,2024-09-27 15:22:24
DDFdJQv@ya.ru,DELETE,2024-09-27 01:50:06
VcXPBm@gmail.com,CREATE,2024-09-27 09:14:13
CMRzkv@gmail.com,READ,2024-09-27 05:18:53
DDEpKO@ya.ru,UPDATE,2024-09-27 03:49:14
ZxbPkabSoQvsB@mail.ru,UPDATE,2024-09-27 20:13:30
ZxbPkabSoQvsB@mail.ru,UPDATE,2024-09-27 02:20:33
DDFdJQv@ya.ru,CREATE,2024-09-27 19:30:08
CMRzkv@gmail.com,CREATE,2024-09-27 20:15:15
CMRzkv@gmail.com,UPDATE,2024-09-27 17:41:36
HXGeysLUTNbz@gmail.com,READ,2024-09-27 10:42:31
VcXPBm@gmail.com,UPDATE,2024-09-27 06:43:54
DDEpKO@ya.ru,UPDATE,2024-09-27 06:01:54
ZxbPkabSoQvsB@mail.ru,READ,2024-09-27 12:25:19
TAwdEapPC@ya.ru,READ,2024-09-27 13:20:47
DDEpKO@ya.ru,READ,2024-09-27 13:56:01
HXGeysLUTNbz@gmail.com,READ,2024-09-27 02:04:04
sYBJe@mail.ru,UPDATE,2024-09-27 02:23:14
DDEpKO@ya.ru,DELETE,2024-09-27 10:41:17
DDFdJQv@ya.ru,READ,2024-09-27 05:59:44
ZxbPkabSoQvsB@mail.ru,READ,2024-09-27 01:11:29
sYBJe@mail.ru,UPDATE,2024-09-27 07:44:27
DDEpKO@ya.ru,READ,2024-09-27 18:31:04
eBXgJylCKFeC@gmail.com,UPDATE,2024-09-27 16:32:02
TAwdEapPC@ya.ru,CREATE,2024-09-27 21:13:30
rehcnee@ya.ru,DELETE,2024-09-27 20:54:25
DDEpKO@ya.ru,DELETE,2024-09-27 04:13:43
TAwdEapPC@ya.ru,CREATE,2024-09-27 16:00:13
rehcnee@ya.ru,DELETE,2024-09-27 19:42:57
ZxbPkabSoQvsB@mail.ru,READ,2024-09-27 18:10:06
VcXPBm@gmail.com,DELETE,2024-09-27 19:06:34
sYBJe@mail.ru,READ,2024-09-27 18:41:22
eBXgJylCKFeC@gmail.com,READ,2024-09-27 03:47:02
DDEpKO@ya.ru,UPDATE,2024-09-27 14:25:36
TAwdEapPC@ya.ru,CREATE,2024-09-27 08:49:20
eBXgJylCKFeC@gmail.com,UPDATE,2024-09-27 17:39:51
VcXPBm@gmail.com,CREATE,2024-09-27 22:35:48
rehcnee@ya.ru,UPDATE,2024-09-27 03:28:10
HXGeysLUTNbz@gmail.com,CREATE,2024-09-27 09:20:11
TAwdEapPC@ya.ru,READ,2024-09-27 02:26:49
HXGeysLUTNbz@gmail.com,DELETE,2024-09-27 12:48:23
eBXgJylCKFeC@gmail.com,CREATE,2024-09-27 18:41:31
ZxbPkabSoQvsB@mail.ru,CREATE,2024-09-27 02:52:57
DDFdJQv@ya.ru,CREATE,2024-09-27 05:57:19
HXGeysLUTNbz@gmail.com,READ,2024-09-27 04:49:45
VcXPBm@gmail.com,DELETE,2024-09-27 08:36:27
TAwdEapPC@ya.ru,CREATE,2024-09-27 14:03:26
TAwdEapPC@ya.ru,CREATE,2024-09-27 15:06:30
CMRzkv@gmail.com,UPDATE,2024-09-27 18:54:59
VcXPBm@gmail.com,DELETE,2024-09-27 02:59:12
VcXPBm@gmail.com,UPDATE,2024-09-27 22:15:41
eBXgJylCKFeC@gmail.com,DELETE,2024-09-27 08:26:39
sYBJe@mail.ru,UPDATE,2024-09-27 00:38:13
eBXgJylCKFeC@gmail.com,DELETE,2024-09-27 12:10:21
sYBJe@mail.ru,UPDATE,2024-09-27 01:16:56
eBXgJylCKFeC@gmail.com,CREATE,2024-09-27 20:25:45
DDEpKO@ya.ru,READ,2024-09-27 04:56:33
DDEpKO@ya.ru,DELETE,2024-09-27 14:03:45
eBXgJylCKFeC@gmail.com,CREATE,2024-09-27 12:23:57
HXGeysLUTNbz@gmail.com,READ,2024-09-27 23:58:24
ZxbPkabSoQvsB@mail.ru,CREATE,2024-09-27 02:03:39
TAwdEapPC@ya.ru,READ,2024-09-27 15:07:07
DDEpKO@ya.ru,UPDATE,2024-09-27 17:12:42
DDEpKO@ya.ru,CREATE,2024-09-27 06:23:56
TAwdEapPC@ya.ru,DELETE,2024-09-27 18:26:04
TAwdEapPC@ya.ru,READ,2024-09-27 09:47:30
eBXgJylCKFeC@gmail.com,UPDATE,2024-09-27 04:40:46
TAwdEapPC@ya.ru,CREATE,2024-09-27 18:41:44
VcXPBm@gmail.com,READ,2024-09-27 05:28:44
rehcnee@ya.ru,DELETE,2024-09-27 22:44:56
DDFdJQv@ya.ru,READ,2024-09-27 01:04:18
ZxbPkabSoQvsB@mail.ru,DELETE,2024-09-27 06:21:01
HXGeysLUTNbz@gmail.com,READ,2024-09-27 21:07:45
TAwdEapPC@ya.ru,DELETE,2024-09-27 00:58:57
DDFdJQv@ya.ru,CREATE,2024-09-27 11:07:14
HXGeysLUTNbz@gmail.com,UPDATE,2024-09-27 15:10:39
VcXPBm@gmail.com,CREATE,2024-09-27 11:56:25
VcXPBm@gmail.com,READ,2024-09-27 03:17:57
HXGeysLUTNbz@gmail.com,UPDATE,2024-09-27 05:53:13
VcXPBm@gmail.com,CREATE,2024-09-27 22:25:12
eBXgJylCKFeC@gmail.com,CREATE,2024-09-27 07:42:59
VcXPBm@gmail.com,READ,2024-09-27 13:29:38
DDFdJQv@ya.ru,DELETE,2024-09-27 12:14:52
DDFdJQv@ya.ru,READ,2024-09-27 07:52:58
ZxbPkabSoQvsB@mail.ru,READ,2024-09-27 02:19:45
CMRzkv@gmail.com,UPDATE,2024-09-27 10:48:50
DDEpKO@ya.ru,READ,2024-09-27 06:20:26
sYBJe@mail.ru,UPDATE,2024-09-27 22:54:09
eBXgJylCKFeC@gmail.com,READ,2024-09-27 20:37:42
rehcnee@ya.ru,READ,2024-09-27 08:39:11
sYBJe@mail.ru,UPDATE,2024-09-27 04:05:29
DDFdJQv@ya.ru,UPDATE,2024-09-27 06:35:51
ZxbPkabSoQvsB@mail.ru,READ,2024-09-27 00:33:23
CMRzkv@gmail.com,UPDATE,2024-09-27 22:08:15
rehcnee@ya.ru,READ,2024-09-27 23:43:07
VcXPBm@gmail.com,READ,2024-09-27 06:46:50
ZxbPkabSoQvsB@mail.ru,UPDATE,2024-09-27 22:15:20
DDFdJQv@ya.ru,READ,2024-09-27 20:03:48
HXGeysLUTNbz@gmail.com,CREATE,2024-09-27 07:07:25
HXGeysLUTNbz@gmail.com,UPDATE,2024-09-27 18:53:17
ZxbPkabSoQvsB@mail.ru,READ,2024-09-27 01:55:55
DDFdJQv@ya.ru,READ,2024-09-27 03:17:33
HXGeysLUTNbz@gmail.com,READ,2024-09-27 13:42:09
eBXgJylCKFeC@gmail.com,UPDATE,2024-09-27 15:55:24
rehcnee@ya.ru,DELETE,2024-09-27 19:26:07
HXGeysLUTNbz@gmail.com,UPDATE,2024-09-27 19:16:32
VcXPBm@gmail.com,CREATE,2024-09-27 08:32:49
eBXgJylCKFeC@gmail.com,CREATE,2024-09-27 21:24:21
HXGeysLUTNbz@gmail.com,READ,2024-09-27 02:50:44
HXGeysLUTNbz@gmail.com,DELETE,2024-09-27 23:40:44
VcXPBm@gmail.com,UPDATE,2024-09-27 06:29:48
rehcnee@ya.ru,CREATE,2024-09-27 16:07:03
DDFdJQv@ya.ru,UPDATE,2024-09-27 05:00:08
CMRzkv@gmail.com,DELETE,2024-09-27 14:02:32
DDFdJQv@ya.ru,CREATE,2024-09-27 06:55:20
eBXgJylCKFeC@gmail.com,CREATE,2024-09-27 06:11:47
ZxbPkabSoQvsB@mail.ru,DELETE,2024-09-27 17:04:30
eBXgJylCKFeC@gmail.com,CREATE,2024-09-27 04:46:29
sYBJe@mail.ru,UPDATE,2024-09-27 03:29:06
eBXgJylCKFeC@gmail.com,READ,2024-09-27 23:21:25
HXGeysLUTNbz@gmail.com,CREATE,2024-09-27 06:04:48
TAwdEapPC@ya.ru,UPDATE,2024-09-27 12:26:22
TAwdEapPC@ya.ru,READ,2024-09-27 11:45:29
DDFdJQv@ya.ru,UPDATE,2024-09-27 13:38:59
TAwdEapPC@ya.ru,READ,2024-09-27 22:34:03
CMRzkv@gmail.com,DELETE,2024-09-27 07:22:41
DDFdJQv@ya.ru,DELETE,2024-09-27 04:04:55
VcXPBm@gmail.com,CREATE,2024-09-27 21:39:13
HXGeysLUTNbz@gmail.com,READ,2024-09-27 09:48:13
eBXgJylCKFeC@gmail.com,DELETE,2024-09-27 02:57:24
VcXPBm@gmail.com,UPDATE,2024-09-27 11:20:02
DDFdJQv@ya.ru,READ,2024-09-27 17:07:19
HXGeysLUTNbz@gmail.com,CREATE,2024-09-27 19:18:12
HXGeysLUTNbz@gmail.com,UPDATE,2024-09-27 21:18:02
eBXgJylCKFeC@gmail.com,READ,2024-09-27 19:50:42
VcXPBm@gmail.com,READ,2024-09-27 04:43:41
VcXPBm@gmail.com,READ,2024-09-27 07:20:11
VcXPBm@gmail.com,UPDATE,2024-09-27 23:29:47
rehcnee@ya.ru,DELETE,2024-09-27 11:54:19
TAwdEapPC@ya.ru,UPDATE,2024-09-27 01:23:38
DDFdJQv@ya.ru,DELETE,2024-09-27 15:14:55
VcXPBm@gmail.com,CREATE,2024-09-27 08:56:32
TAwdEapPC@ya.ru,UPDATE,2024-09-27 10:29:20
DDFdJQv@ya.ru,DELETE,2024-09-27 21:56:28
TAwdEapPC@ya.ru,UPDATE,2024-09-27 05:56:49
eBXgJylCKFeC@gmail.com,CREATE,2024-09-27 16:46:45
DDEpKO@ya.ru,UPDATE,2024-09-27 09:49:44
TAwdEapPC@ya.ru,READ,2024-09-27 06:07:31
DDEpKO@ya.ru,CREATE,2024-09-27 12:43:58
eBXgJylCKFeC@gmail.com,CREATE,2024-09-27 11:36:43
DDEpKO@ya.ru,READ,2024-09-27 09:29:10
TAwdEapPC@ya.ru,DELETE,2024-09-27 03:10:33
eBXgJylCKFeC@gmail.com,READ,2024-09-27 23:55:53
TAwdEapPC@ya.ru,DELETE,2024-09-27 05:11:51
CMRzkv@gmail.com,UPDATE,2024-09-27 10:20:19
CMRzkv@gmail.com,DELETE,2024-09-27 10:47:06
HXGeysLUTNbz@gmail.com,DELETE,2024-09-27 01:39:51
TAwdEapPC@ya.ru,CREATE,2024-09-27 13:28:46
DDEpKO@ya.ru,READ,2024-09-27 14:45:55
VcXPBm@gmail.com,READ,2024-09-27 23:40:43
DDFdJQv@ya.ru,DELETE,2024-09-27 04:02:40
HXGeysLUTNbz@gmail.com,READ,2024-09-27 06:20:04
DDEpKO@ya.ru,READ,2024-09-27 02:24:40
HXGeysLUTNbz@gmail.com,READ,2024-09-27 13:57:02
HXGeysLUTNbz@gmail.com,CREATE,2024-09-27 21:38:57
HXGeysLUTNbz@gmail.com,DELETE,2024-09-27 20:31:44
CMRzkv@gmail.com,UPDATE,2024-09-27 22:00:56
rehcnee@ya.ru,DELETE,2024-09-27 13:16:33
eBXgJylCKFeC@gmail.com,UPDATE,2024-09-27 22:05:06
sYBJe@mail.ru,UPDATE,2024-09-27 04:25:11
HXGeysLUTNbz@gmail.com,READ,2024-09-27 02:36:22
CMRzkv@gmail.com,UPDATE,2024-09-27 00:10:38
HXGeysLUTNbz@gmail.com,READ,2024-09-27 23:38:58
DDEpKO@ya.ru,CREATE,2024-09-27 20:39:43
HXGeysLUTNbz@gmail.com,READ,2024-09-27 16:53:43
eBXgJylCKFeC@gmail.com,CREATE,2024-09-27 06:42:00
eBXgJylCKFeC@gmail.com,UPDATE,2024-09-27 22:43:39
ZxbPkabSoQvsB@mail.ru,DELETE,2024-09-27 11:50:08
rehcnee@ya.ru,UPDATE,2024-09-27 06:45:30
sYBJe@mail.ru,UPDATE,2024-09-27 11:34:16
VcXPBm@gmail.com,CREATE,2024-09-27 19:40:51
CMRzkv@gmail.com,DELETE,2024-09-27 13:30:07
DDFdJQv@ya.ru,DELETE,2024-09-27 04:50:48
HXGeysLUTNbz@gmail.com,DELETE,2024-09-27 22:29:06
DDEpKO@ya.ru,CREATE,2024-09-27 01:01:56
ZxbPkabSoQvsB@mail.ru,UPDATE,2024-09-27 15:25:36
DDEpKO@ya.ru,CREATE,2024-09-27 02:48:03
DDFdJQv@ya.ru,READ,2024-09-27 12:10:30
TAwdEapPC@ya.ru,UPDATE,2024-09-27 16:06:36
VcXPBm@gmail.com,UPDATE,2024-09-27 18:11:03
HXGeysLUTNbz@gmail.com,UPDATE,2024-09-27 20:00:46
ZxbPkabSoQvsB@mail.ru,READ,2024-09-27 11:09:36
DDFdJQv@ya.ru,DELETE,2024-09-27 06:21:46
rehcnee@ya.ru,UPDATE,2024-09-27 17:21:17
ZxbPkabSoQvsB@mail.ru,CREATE,2024-09-27 10:23:44
HXGeysLUTNbz@gmail.com,DELETE,2024-09-27 22:01:31
VcXPBm@gmail.com,READ,2024-09-27 15:51:50
sYBJe@mail.ru,READ,2024-09-27 18:35:04
DDFdJQv@ya.ru,READ,2024-09-27 00:35:48
DDEpKO@ya.ru,DELETE,2024-09-27 12:20:49
DDEpKO@ya.ru,CREATE,2024-09-27 17:28:48
TAwdEapPC@ya.ru,CREATE,2024-09-27 05:55:28
ZxbPkabSoQvsB@mail.ru,UPDATE,2024-09-27 08:39:46
sYBJe@mail.ru,CREATE,2024-09-27 17:44:16
DDEpKO@ya.ru,UPDATE,2024-09-27 06:40:45
TAwdEapPC@ya.ru,READ,2024-09-27 04:43:42
sYBJe@mail.ru,DELETE,2024-09-27 14:13:18
CMRzkv@gmail.com,DELETE,2024-09-27 11:42:26
CMRzkv@gmail.com,DELETE,2024-09-27 00:51:00
VcXPBm@gmail.com,DELETE,2024-09-27 05:40:58
sYBJe@mail.ru,UPDATE,2024-09-27 08:21:35
sYBJe@mail.ru,UPDATE,2024-09-27 00:32:45
sYBJe@mail.ru,CREATE,2024-09-27 08:39:03
sYBJe@mail.ru,CREATE,2024-09-27 10:27:14
ZxbPkabSoQvsB@mail.ru,READ,2024-09-27 01:30:03
rehcnee@ya.ru,UPDATE,2024-09-27 15:11:18
VcXPBm@gmail.com,DELETE,2024-09-27 23:28:18
DDFdJQv@ya.ru,UPDATE,2024-09-27 00:19:00
ZxbPkabSoQvsB@mail.ru,DELETE,2024-09-27 19:49:53
DDFdJQv@ya.ru,UPDATE,2024-09-27 23:21:15
HXGeysLUTNbz@gmail.com,UPDATE,2024-09-27 04:21:21
ZxbPkabSoQvsB@mail.ru,CREATE,2024-09-27 22:25:59
rehcnee@ya.ru,CREATE,2024-09-27 22:19:02
ZxbPkabSoQvsB@mail.ru,UPDATE,2024-09-27 04:31:41
VcXPBm@gmail.com,UPDATE,2024-09-27 05:47:00
TAwdEapPC@ya.ru,UPDATE,2024-09-27 22:43:50
CMRzkv@gmail.com,CREATE,2024-09-27 15:08:24
sYBJe@mail.ru,DELETE,2024-09-27 10:50:14
DDFdJQv@ya.ru,DELETE,2024-09-27 10:15:54
eBXgJylCKFeC@gmail.com,UPDATE,2024-09-27 04:31:58
VcXPBm@gmail.com,CREATE,2024-09-27 10:10:16
rehcnee@ya.ru,DELETE,2024-09-27 09:15:43
rehcnee@ya.ru,DELETE,2024-09-27 23:39:03
rehcnee@ya.ru,READ,2024-09-27 05:51:50
eBXgJylCKFeC@gmail.com,READ,2024-09-27 16:13:00
sYBJe@mail.ru,UPDATE,2024-09-27 13:29:47
VcXPBm@gmail.com,READ,2024-09-27 16:17:23
sYBJe@mail.ru,CREATE,2024-09-27 23:07:22
TAwdEapPC@ya.ru,READ,2024-09-27 15:33:42
sYBJe@mail.ru,READ,2024-09-27 09:46:34
VcXPBm@gmail.com,CREATE,2024-09-27 04:57:35
DDEpKO@ya.ru,READ,2024-09-27 04:09:19
VcXPBm@gmail.com,DELETE,2024-09-27 09:42:20
eBXgJylCKFeC@gmail.com,UPDATE,2024-09-27 21:25:10
DDEpKO@ya.ru,CREATE,2024-09-27 22:59:40
ZxbPkabSoQvsB@mail.ru,CREATE,2024-09-27 17:22:57
sYBJe@mail.ru,CREATE,2024-09-27 22:52:55
CMRzkv@gmail.com,READ,2024-09-27 06:31:05
DDFdJQv@ya.ru,READ,2024-09-27 05:32:52
eBXgJylCKFeC@gmail.com,UPDATE,2024-09-27 21:59:34
DDFdJQv@ya.ru,READ,2024-09-27 15:26:49
eBXgJylCKFeC@gmail.com,CREATE,2024-09-27 23:14:44
sYBJe@mail.ru,READ,2024-09-27 20:54:10
TAwdEapPC@ya.ru,UPDATE,2024-09-27 09:54:34
ZxbPkabSoQvsB@mail.ru,CREATE,2024-09-27 21:45:05
rehcnee@ya.ru,CREATE,2024-09-27 01:54:38
HXGeysLUTNbz@gmail.com,DELETE,2024-09-27 19:16:02
sYBJe@mail.ru,DELETE,2024-09-27 18:23:31
CMRzkv@gmail.com,DELETE,2024-09-27 07:37:03
CMRzkv@gmail.com,UPDATE,2024-09-27 20:42:04
DDFdJQv@ya.ru,READ,2024-09-27 00:52:10
TAwdEapPC@ya.ru,DELETE,2024-09-27 21:03:50
ZxbPkabSoQvsB@mail.ru,DELETE,2024-09-27 03:23:04
DDEpKO@ya.ru,UPDATE,2024-09-27 12:55:23
ZxbPkabSoQvsB@mail.ru,DELETE,2024-09-27 15:57:34
sYBJe@mail.ru,DELETE,2024-09-27 21:23:31
eBXgJylCKFeC@gmail.com,UPDATE,2024-09-27 01:43:42
eBXgJylCKFeC@gmail.com,READ,2024-09-27 04:57:04
sYBJe@mail.ru,UPDATE,2024-09-27 16:28:52
VcXPBm@gmail.com,READ,2024-09-27 05:30:16
eBXgJylCKFeC@gmail.com,READ,2024-09-27 20:27:20
TAwdEapPC@ya.ru,DELETE,2024-09-27 07:10:26
eBXgJylCKFeC@gmail.com,CREATE,2024-09-27 03:37:52
sYBJe@mail.ru,CREATE,2024-09-27 04:38:30
TAwdEapPC@ya.ru,UPDATE,2024-09-27 16:30:11
HXGeysLUTNbz@gmail.com,UPDATE,2024-09-27 22:41:51
rehcnee@ya.ru,READ,2024-09-27 06:04:09
rehcnee@ya.ru,CREATE,2024-09-27 03:17:35
CMRzkv@gmail.com,DELETE,2024-09-27 15:14:10
VcXPBm@gmail.com,DELETE,2024-09-27 13:00:31
TAwdEapPC@ya.ru,DELETE,2024-09-27 11:37:35
sYBJe@mail.ru,CREATE,2024-09-27 20:10:57
TAwdEapPC@ya.ru,DELETE,2024-09-27 16:00:36
ZxbPkabSoQvsB@mail.ru,READ,2024-09-27 22:30:39
eBXgJylCKFeC@gmail.com,READ,2024-09-27 05:12:08
eBXgJylCKFeC@gmail.com,READ,2024-09-27 05:45:48
ZxbPkabSoQvsB@mail.ru,CREATE,2024-09-27 00:55:23
TAwdEapPC@ya.ru,DELETE,2024-09-27 12:06:52
DDFdJQv@ya.ru,CREATE,2024-09-27 16:12:10
ZxbPkabSoQvsB@mail.ru,CREATE,2024-09-27 06:43:23
sYBJe@mail.ru,READ,2024-09-27 18:42:35
HXGeysLUTNbz@gmail.com,READ,2024-09-27 08:38:42
VcXPBm@gmail.com,UPDATE,2024-09-27 11:43:03
VcXPBm@gmail.com,DELETE,2024-09-27 14:58:10
TAwdEapPC@ya.ru,READ,2024-09-27 11:51:17
CMRzkv@gmail.com,READ,2024-09-27 22:14:05
ZxbPkabSoQvsB@mail.ru,DELETE,2024-09-27 00:16:16
DDFdJQv@ya.ru,READ,2024-09-27 08:39:18
HXGeysLUTNbz@gmail.com,CREATE,2024-09-27 06:55:00
HXGeysLUTNbz@gmail.com,READ,2024-09-27 02:22:53
DDEpKO@ya.ru,CREATE,2024-09-27 12:37:56
DDFdJQv@ya.ru,DELETE,2024-09-27 00:35:44
HXGeysLUTNbz@gmail.com,DELETE,2024-09-27 00:21:06
VcXPBm@gmail.com,READ,2024-09-27 13:30:55
TAwdEapPC@ya.ru,DELETE,2024-09-27 17:57:56
sYBJe@mail.ru,READ,2024-09-27 16:40:32
DDFdJQv@ya.ru,READ,2024-09-27 23:16:40
ZxbPkabSoQvsB@mail.ru,UPDATE,2024-09-27 22:24:55
eBXgJylCKFeC@gmail.com,CREATE,2024-09-27 23:53:39
CMRzkv@gmail.com,DELETE,2024-09-27 10:18:30
CMRzkv@gmail.com,UPDATE,2024-09-27 21:32:49
rehcnee@ya.ru,CREATE,2024-09-27 18:28:44
ZxbPkabSoQvsB@mail.ru,DELETE,2024-09-27 09:52:41
rehcnee@ya.ru,DELETE,2024-09-27 00:43:54
ZxbPkabSoQvsB@mail.ru,CREATE,2024-09-27 15:39:00
DDEpKO@ya.ru,DELETE,2024-09-27 21:11:44
DDEpKO@ya.ru,UPDATE,2024-09-27 16:05:52
CMRzkv@gmail.com,READ,2024-09-27 16:24:00
ZxbPkabSoQvsB@mail.ru,READ,2024-09-27 10:00:29
rehcnee@ya.ru,CREATE,2024-09-27 10:16:56
TAwdEapPC@ya.ru,CREATE,2024-09-27 19:47:57
sYBJe@mail.ru,READ,2024-09-27 10:50:10
eBXgJylCKFeC@gmail.com,CREATE,2024-09-27 09:04:53
VcXPBm@gmail.com,CREATE,2024-09-27 16:57:33
sYBJe@mail.ru,DELETE,2024-09-27 10:05:08
eBXgJylCKFeC@gmail.com,UPDATE,2024-09-27 06:15:54
sYBJe@mail.ru,READ,2024-09-27 17:27:22
rehcnee@ya.ru,READ,2024-09-27 19:57:45
rehcnee@ya.ru,READ,2024-09-27 18:49:48
DDFdJQv@ya.ru,CREATE,2024-09-27 08:31:37
CMRzkv@gmail.com,CREATE,2024-09-27 02:00:40
VcXPBm@gmail.com,DELETE,2024-09-27 23:07:11
DDFdJQv@ya.ru,READ,2024-09-27 22:39:17
DDFdJQv@ya.ru,CREATE,2024-09-27 15:46:47
HXGeysLUTNbz@gmail.com,READ,2024-09-27 15:57:46
TAwdEapPC@ya.ru,DELETE,2024-09-27 09:36:19
ZxbPkabSoQvsB@mail.ru,CREATE,2024-09-27 01:31:07
DDFdJQv@ya.ru,UPDATE,2024-09-27 12:29:31
VcXPBm@gmail.com,READ,2024-09-27 01:13:23
ZxbPkabSoQvsB@mail.ru,UPDATE,2024-09-27 03:46:24
VcXPBm@gmail.com,READ,2024-09-27 05:37:19
eBXgJylCKFeC@gmail.com,UPDATE,2024-09-27 22:07:13
sYBJe@mail.ru,READ,2024-09-27 08:19:52
DDFdJQv@ya.ru,READ,2024-09-27 07:13:44
sYBJe@mail.ru,CREATE,2024-09-27 23:25:31
eBXgJylCKFeC@gmail.com,DELETE,2024-09-27 22:22:05
VcXPBm@gmail.com,DELETE,2024-09-27 01:32:06
DDEpKO@ya.ru,CREATE,2024-09-27 00:24:50
DDFdJQv@ya.ru,UPDATE,2024-09-27 22:07:29
TAwdEapPC@ya.ru,CREATE,2024-09-27 16:57:27
sYBJe@mail.ru,CREATE,2024-09-27 07:50:42
rehcnee@ya.ru,DELETE,2024-09-27 18:44:38
TAwdEapPC@ya.ru,UPDATE,2024-09-27 00:03:10
sYBJe@mail.ru,READ,2024-09-27 00:03:58
HXGeysLUTNbz@gmail.com,CREATE,2024-09-27 07:02:03
rehcnee@ya.ru,CREATE,2024-09-27 18:37:14
DDFdJQv@ya.ru,UPDATE,2024-09-27 10:58:07
CMRzkv@gmail.com,CREATE,2024-09-27 10:11:16
TAwdEapPC@ya.ru,DELETE,2024-09-27 20:41:54
ZxbPkabSoQvsB@mail.ru,READ,2024-09-27 08:28:18
sYBJe@mail.ru,UPDATE,2024-09-27 03:13:58
sYBJe@mail.ru,UPDATE,2024-09-27 07:27:21
HXGeysLUTNbz@gmail.com,CREATE,2024-09-27 18:07:57
HXGeysLUTNbz@gmail.com,CREATE,2024-09-27 13:41:51
eBXgJylCKFeC@gmail.com,READ,2024-09-27 07:24:32
TAwdEapPC@ya.ru,DELETE,2024-09-27 08:27:05
HXGeysLUTNbz@gmail.com,READ,2024-09-27 05:29:26
DDFdJQv@ya.ru,CREATE,2024-09-27 21:54:12
ZxbPkabSoQvsB@mail.ru,DELETE,2024-09-27 00:01:02
TAwdEapPC@ya.ru,CREATE,2024-09-27 00:00:24
VcXPBm@gmail.com,CREATE,2024-09-27 14:58:35
ZxbPkabSoQvsB@mail.ru,UPDATE,2024-09-27 07:53:42
CMRzkv@gmail.com,DELETE,2024-09-27 09:04:03
TAwdEapPC@ya.ru,DELETE,2024-09-27 17:45:08
rehcnee@ya.ru,UPDATE,2024-09-27 13:59:57
ZxbPkabSoQvsB@mail.ru,CREATE,2024-09-27 01:05:50
ZxbPkabSoQvsB@mail.ru,DELETE,2024-09-27 15:24:46
HXGeysLUTNbz@gmail.com,UPDATE,2024-09-27 15:33:07
DDFdJQv@ya.ru,READ,2024-09-27 17:29:46
eBXgJylCKFeC@gmail.com,CREATE,2024-09-27 09:16:35
rehcnee@ya.ru,DELETE,2024-09-27 07:08:55
TAwdEapPC@ya.ru,CREATE,2024-09-27 00:28:49
eBXgJylCKFeC@gmail.com,READ,2024-09-27 12:41:49
HXGeysLUTNbz@gmail.com,UPDATE,2024-09-27 12:51:40
sYBJe@mail.ru,CREATE,2024-09-27 16:06:52
TAwdEapPC@ya.ru,READ,2024-09-27 13:37:53
DDEpKO@ya.ru,DELETE,2024-09-27 22:32:02
DDEpKO@ya.ru,DELETE,2024-09-27 21:58:26
ZxbPkabSoQvsB@mail.ru,DELETE,2024-09-27 13:34:26
sYBJe@mail.ru,READ,2024-09-27 06:04:24
rehcnee@ya.ru,DELETE,2024-09-27 13:46:53
CMRzkv@gmail.com,READ,2024-09-27 13:27:13
VcXPBm@gmail.com,DELETE,2024-09-27 11:16:31
eBXgJylCKFeC@gmail.com,DELETE,2024-09-27 08:47:24
ZxbPkabSoQvsB@mail.ru,CREATE,2024-09-27 14:07:08
DDEpKO@ya.ru,UPDATE,2024-09-27 19:09:58
CMRzkv@gmail.com,READ,2024-09-27 02:38:43
TAwdEapPC@ya.ru,UPDATE,2024-09-27 02:13:05
CMRzkv@gmail.com,CREATE,2024-09-27 12:37:31
rehcnee@ya.ru,UPDATE,2024-09-27 12:33:10
CMRzkv@gmail.com,DELETE,2024-09-27 05:48:22
rehcnee@ya.ru,READ,2024-09-27 21:22:04
TAwdEapPC@ya.ru,UPDATE,2024-09-27 19:57:21
DDFdJQv@ya.ru,DELETE,2024-09-27 19:33:52
ZxbPkabSoQvsB@mail.ru,UPDATE,2024-09-27 13:19:15
HXGeysLUTNbz@gmail.com,UPDATE,2024-09-27 20:23:30
TAwdEapPC@ya.ru,CREATE,2024-09-27 20:59:38
rehcnee@ya.ru,CREATE,2024-09-27 07:46:25
CMRzkv@gmail.com,DELETE,2024-09-27 19:36:58
DDFdJQv@ya.ru,READ,2024-09-27 15:54:30
CMRzkv@gmail.com,UPDATE,2024-09-27 09:55:23
sYBJe@mail.ru,CREATE,2024-09-27 13:41:50
ZxbPkabSoQvsB@mail.ru,CREATE,2024-09-27 07:23:09
DDFdJQv@ya.ru,DELETE,2024-09-27 20:05:29
rehcnee@ya.ru,DELETE,2024-09-27 17:58:56
eBXgJylCKFeC@gmail.com,DELETE,2024-09-27 14:42:12
eBXgJylCKFeC@gmail.com,DELETE,2024-09-27 18:56:52
CMRzkv@gmail.com,CREATE,2024-09-27 09:43:55
eBXgJylCKFeC@gmail.com,CREATE,2024-09-27 15:43:47
rehcnee@ya.ru,CREATE,2024-09-27 10:20:37
TAwdEapPC@ya.ru,READ,2024-09-27 17:21:26
HXGeysLUTNbz@gmail.com,CREATE,2024-09-27 19:09:58
DDEpKO@ya.ru,DELETE,2024-09-27 23:48:07
DDEpKO@ya.ru,CREATE,2024-09-27 15:22:50
rehcnee@ya.ru,UPDATE,2024-09-27 03:36:54
eBXgJylCKFeC@gmail.com,DELETE,2024-09-27 01:11:40
VcXPBm@gmail.com,CREATE,2024-09-27 14:19:15
TAwdEapPC@ya.ru,CREATE,2024-09-27 14:23:16
eBXgJylCKFeC@gmail.com,DELETE,2024-09-27 21:45:23
ZxbPkabSoQvsB@mail.ru,READ,2024-09-27 23:24:18
CMRzkv@gmail.com,UPDATE,2024-09-27 03:47:02
TAwdEapPC@ya.ru,CREATE,2024-09-27 09:27:55
DDFdJQv@ya.ru,READ,2024-09-27 13:24:37
ZxbPkabSoQvsB@mail.ru,READ,2024-09-27 13:42:04
VcXPBm@gmail.com,DELETE,2024-09-27 08:23:24
DDFdJQv@ya.ru,READ,2024-09-27 05:14:14
CMRzkv@gmail.com,CREATE,2024-09-27 03:36:28
CMRzkv@gmail.com,UPDATE,2024-09-27 08:56:54
HXGeysLUTNbz@gmail.com,READ,2024-09-27 04:33:36
rehcnee@ya.ru,UPDATE,2024-09-27 00:29:13
TAwdEapPC@ya.ru,UPDATE,2024-09-27 05:47:03
CMRzkv@gmail.com,CREATE,2024-09-27 13:04:30
eBXgJylCKFeC@gmail.com,DELETE,2024-09-27 19:27:15
CMRzkv@gmail.com,CREATE,2024-09-27 13:53:29
VcXPBm@gmail.com,READ,2024-09-27 07:20:55
VcXPBm@gmail.com,UPDATE,2024-09-27 16:56:10
VcXPBm@gmail.com,UPDATE,2024-09-27 02:33:32
CMRzkv@gmail.com,READ,2024-09-27 02:56:40
HXGeysLUTNbz@gmail.com,CREATE,2024-09-27 01:40:52
ZxbPkabSoQvsB@mail.ru,UPDATE,2024-09-27 23:34:51
ZxbPkabSoQvsB@mail.ru,CREATE,2024-09-27 00:15:57
DDFdJQv@ya.ru,UPDATE,2024-09-27 06:02:56
DDEpKO@ya.ru,UPDATE,2024-09-27 06:57:17
ZxbPkabSoQvsB@mail.ru,DELETE,2024-09-27 04:24:57
CMRzkv@gmail.com,READ,2024-09-27 06:56:40
HXGeysLUTNbz@gmail.com,READ,2024-09-27 17:22:24
VcXPBm@gmail.com,DELETE,2024-09-27 20:48:09
CMRzkv@gmail.com,CREATE,2024-09-27 00:49:16
DDEpKO@ya.ru,CREATE,2024-09-27 08:03:44
ZxbPkabSoQvsB@mail.ru,READ,2024-09-27 02:53:40
DDEpKO@ya.ru,DELETE,2024-09-27 07:33:10
ZxbPkabSoQvsB@mail.ru,UPDATE,2024-09-27 22:17:19
sYBJe@mail.ru,UPDATE,2024-09-27 15:27:37
rehcnee@ya.ru,CREATE,2024-09-27 13:20:45
eBXgJylCKFeC@gmail.com,DELETE,2024-09-27 11:01:39
rehcnee@ya.ru,DELETE,2024-09-27 19:03:27
HXGeysLUTNbz@gmail.com,UPDATE,2024-09-27 01:07:38
rehcnee@ya.ru,DELETE,2024-09-27 07:29:01
ZxbPkabSoQvsB@mail.ru,DELETE,2024-09-27 06:47:20
rehcnee@ya.ru,READ,2024-09-27 19:23:32
TAwdEapPC@ya.ru,READ,2024-09-27 22:28:40
sYBJe@mail.ru,UPDATE,2024-09-27 07:52:44
DDFdJQv@ya.ru,UPDATE,2024-09-27 05:28:10
HXGeysLUTNbz@gmail.com,DELETE,2024-09-27 08:49:31
eBXgJylCKFeC@gmail.com,DELETE,2024-09-27 07:25:22
VcXPBm@gmail.com,DELETE,2024-09-27 16:38:08
VcXPBm@gmail.com,CREATE,2024-09-27 21:00:48
TAwdEapPC@ya.ru,READ,2024-09-27 07:26:48
ZxbPkabSoQvsB@mail.ru,READ,2024-09-27 03:09:40
eBXgJylCKFeC@gmail.com,DELETE,2024-09-27 14:31:02
VcXPBm@gmail.com,UPDATE,2024-09-27 16:08:40
eBXgJylCKFeC@gmail.com,READ,2024-09-27 10:07:37
rehcnee@ya.ru,CREATE,2024-09-27 01:03:16
sYBJe@mail.ru,READ,2024-09-27 11:04:49
DDEpKO@ya.ru,CREATE,2024-09-27 22:50:14
eBXgJylCKFeC@gmail.com,UPDATE,2024-09-27 11:19:19
DDEpKO@ya.ru,READ,2024-09-27 11:40:14
DDFdJQv@ya.ru,DELETE,2024-09-27 07:18:11
ZxbPkabSoQvsB@mail.ru,READ,2024-09-27 18:54:01
eBXgJylCKFeC@gmail.com,UPDATE,2024-09-27 11:21:42
eBXgJylCKFeC@gmail.com,DELETE,2024-09-27 18:12:06
DDFdJQv@ya.ru,UPDATE,2024-09-27 10:21:47
DDEpKO@ya.ru,UPDATE,2024-09-27 18:23:01
eBXgJylCKFeC@gmail.com,READ,2024-09-27 05:54:33
DDFdJQv@ya.ru,CREATE,2024-09-27 13:40:37
eBXgJylCKFeC@gmail.com,READ,2024-09-27 21:30:01
eBXgJylCKFeC@gmail.com,CREATE,2024-09-27 03:36:10
sYBJe@mail.ru,READ,2024-09-27 02:53:03
TAwdEapPC@ya.ru,CREATE,2024-09-27 02:14:57
DDEpKO@ya.ru,UPDATE,2024-09-27 18:47:19
rehcnee@ya.ru,UPDATE,2024-09-27 23:41:26
sYBJe@mail.ru,UPDATE,2024-09-27 06:44:13
CMRzkv@gmail.com,CREATE,2024-09-27 23:53:29
TAwdEapPC@ya.ru,UPDATE,2024-09-27 01:12:04
CMRzkv@gmail.com,READ,2024-09-27 05:49:28
DDFdJQv@ya.ru,DELETE,2024-09-27 06:08:20
eBXgJylCKFeC@gmail.com,UPDATE,2024-09-27 20:52:28
CMRzkv@gmail.com,DELETE,2024-09-27 09:44:37
sYBJe@mail.ru,CREATE,2024-09-27 03:19:05
DDFdJQv@ya.ru,UPDATE,2024-09-27 15:06:40
sYBJe@mail.ru,DELETE,2024-09-27 08:50:53
CMRzkv@gmail.com,UPDATE,2024-09-27 23:08:44
VcXPBm@gmail.com,DELETE,2024-09-27 19:13:36
DDFdJQv@ya.ru,DELETE,2024-09-27 00:20:15
DDEpKO@ya.ru,READ,2024-09-27 03:34:25
DDEpKO@ya.ru,UPDATE,2024-09-27 23:10:39
HXGeysLUTNbz@gmail.com,CREATE,2024-09-27 18:50:00
eBXgJylCKFeC@gmail.com,UPDATE,2024-09-27 23:36:15
CMRzkv@gmail.com,READ,2024-09-27 09:20:18
sYBJe@mail.ru,READ,2024-09-27 15:06:21
VcXPBm@gmail.com,UPDATE,2024-09-27 05:36:49
rehcnee@ya.ru,CREATE,2024-09-27 02:58:41
HXGeysLUTNbz@gmail.com,DELETE,2024-09-27 08:56:29
CMRzkv@gmail.com,DELETE,2024-09-27 03:42:52
DDFdJQv@ya.ru,READ,2024-09-27 03:11:22
sYBJe@mail.ru,CREATE,2024-09-27 21:32:43
DDEpKO@ya.ru,READ,2024-09-27 03:00:57
HXGeysLUTNbz@gmail.com,DELETE,2024-09-27 17:10:33
rehcnee@ya.ru,UPDATE,2024-09-27 04:36:24
VcXPBm@gmail.com,READ,2024-09-27 19:37:06
CMRzkv@gmail.com,CREATE,2024-09-27 12:01:00
VcXPBm@gmail.com,CREATE,2024-09-27 20:32:01
ZxbPkabSoQvsB@mail.ru,DELETE,2024-09-27 14:41:55
HXGeysLUTNbz@gmail.com,READ,2024-09-27 03:05:22
sYBJe@mail.ru,READ,2024-09-27 18:10:59
rehcnee@ya.ru,DELETE,2024-09-27 22:59:51
VcXPBm@gmail.com,UPDATE,2024-09-27 01:18:37
CMRzkv@gmail.com,UPDATE,2024-09-27 04:40:47
eBXgJylCKFeC@gmail.com,DELETE,2024-09-27 12:35:08
sYBJe@mail.ru,DELETE,2024-09-27 01:43:24
VcXPBm@gmail.com,UPDATE,2024-09-27 04:44:58
DDEpKO@ya.ru,UPDATE,2024-09-27 21:10:32
TAwdEapPC@ya.ru,UPDATE,2024-09-27 15:07:05
DDFdJQv@ya.ru,UPDATE,2024-09-27 00:50:09
TAwdEapPC@ya.ru,CREATE,2024-09-27 22:49:02
DDFdJQv@ya.ru,READ,2024-09-27 19:37:07
DDEpKO@ya.ru,UPDATE,2024-09-27 15:03:14
HXGeysLUTNbz@gmail.com,UPDATE,2024-09-27 09:31:24
CMRzkv@gmail.com,READ,2024-09-27 00:12:13
TAwdEapPC@ya.ru,CREATE,2024-09-27 23:26:14
sYBJe@mail.ru,READ,2024-09-27 22:46:46
VcXPBm@gmail.com,DELETE,2024-09-27 12:14:11
DDEpKO@ya.ru,DELETE,2024-09-27 18:12:44
VcXPBm@gmail.com,READ,2024-09-27 01:10:53
ZxbPkabSoQvsB@mail.ru,UPDATE,2024-09-27 19:00:15
VcXPBm@gmail.com,CREATE,2024-09-27 07:58:01
sYBJe@mail.ru,UPDATE,2024-09-27 02:26:57
DDEpKO@ya.ru,DELETE,2024-09-27 08:54:52
CMRzkv@gmail.com,READ,2024-09-27 05:51:26
VcXPBm@gmail.com,READ,2024-09-27 08:08:45
VcXPBm@gmail.com,READ,2024-09-27 05:42:22
TAwdEapPC@ya.ru,UPDATE,2024-09-27 17:16:58
VcXPBm@gmail.com,CREATE,2024-09-27 00:25:09
HXGeysLUTNbz@gmail.com,UPDATE,2024-09-27 09:36:50
HXGeysLUTNbz@gmail.com,READ,2024-09-27 19:51:11
eBXgJylCKFeC@gmail.com,UPDATE,2024-09-27 12:31:12
TAwdEapPC@ya.ru,DELETE,2024-09-27 21:58:20
DDFdJQv@ya.ru,READ,2024-09-27 05:37:35
sYBJe@mail.ru,CREATE,2024-09-27 18:09:29
eBXgJylCKFeC@gmail.com,UPDATE,2024-09-27 14:00:30
HXGeysLUTNbz@gmail.com,CREATE,2024-09-27 20:17:52
sYBJe@mail.ru,READ,2024-09-27 08:58:06
eBXgJylCKFeC@gmail.com,UPDATE,2024-09-27 12:55:56
eBXgJylCKFeC@gmail.com,READ,2024-09-27 20:45:59
rehcnee@ya.ru,CREATE,2024-09-27 23:15:28
ZxbPkabSoQvsB@mail.ru,READ,2024-09-27 06:05:27
ZxbPkabSoQvsB@mail.ru,READ,2024-09-27 14:50:06
CMRzkv@gmail.com,DELETE,2024-09-27 17:46:22
HXGeysLUTNbz@gmail.com,DELETE,2024-09-27 12:09:02
ZxbPkabSoQvsB@mail.ru,READ,2024-09-27 07:14:31
DDFdJQv@ya.ru,UPDATE,2024-09-27 08:53:30
VcXPBm@gmail.com,READ,2024-09-27 07:45:45
ZxbPkabSoQvsB@mail.ru,DELETE,2024-09-27 07:26:38
DDFdJQv@ya.ru,READ,2024-09-27 05:26:09
DDEpKO@ya.ru,CREATE,2024-09-27 08:07:06
DDFdJQv@ya.ru,CREATE,2024-09-27 04:14:15
eBXgJylCKFeC@gmail.com,DELETE,2024-09-27 13:47:59
CMRzkv@gmail.com,CREATE,2024-09-27 01:23:40
sYBJe@mail.ru,READ,2024-09-27 21:21:44
ZxbPkabSoQvsB@mail.ru,UPDATE,2024-09-27 16:58:34
HXGeysLUTNbz@gmail.com,CREATE,2024-09-27 14:15:37
ZxbPkabSoQvsB@mail.ru,READ,2024-09-27 10:54:34
HXGeysLUTNbz@gmail.com,CREATE,2024-09-27 16:12:34
VcXPBm@gmail.com,DELETE,2024-09-27 10:35:30
TAwdEapPC@ya.ru,UPDATE,2024-09-27 13:50:58
VcXPBm@gmail.com,READ,2024-09-27 15:30:18
CMRzkv@gmail.com,READ,2024-09-27 03:35:58
ZxbPkabSoQvsB@mail.ru,CREATE,2024-09-27 08:49:21
VcXPBm@gmail.com,DELETE,2024-09-27 00:33:45
TAwdEapPC@ya.ru,DELETE,2024-09-27 11:29:32
eBXgJylCKFeC@gmail.com,UPDATE,2024-09-27 15:20:51
ZxbPkabSoQvsB@mail.ru,CREATE,2024-09-27 11:06:55
CMRzkv@gmail.com,UPDATE,2024-09-27 13:06:47
CMRzkv@gmail.com,CREATE,2024-09-27 18:19:42
TAwdEapPC@ya.ru,CREATE,2024-09-27 21:37:45
ZxbPkabSoQvsB@mail.ru,READ,2024-09-27 03:32:08
CMRzkv@gmail.com,UPDATE,2024-09-27 07:30:16
rehcnee@ya.ru,UPDATE,2024-09-27 00:32:41
VcXPBm@gmail.com,CREATE,2024-09-27 19:23:53
TAwdEapPC@ya.ru,DELETE,2024-09-27 16:55:20
eBXgJylCKFeC@gmail.com,READ,2024-09-27 12:42:02
HXGeysLUTNbz@gmail.com,CREATE,2024-09-27 21:19:56
VcXPBm@gmail.com,READ,2024-09-27 20:42:50
DDEpKO@ya.ru,UPDATE,2024-09-27 13:46:11
VcXPBm@gmail.com,READ,2024-09-27 22:29:08
rehcnee@ya.ru,READ,2024-09-27 12:35:00
VcXPBm@gmail.com,READ,2024-09-27 11:47:51
HXGeysLUTNbz@gmail.com,UPDATE,2024-09-27 10:26:49
DDEpKO@ya.ru,READ,2024-09-27 18:11:00
CMRzkv@gmail.com,DELETE,2024-09-27 00:39:14
CMRzkv@gmail.com,UPDATE,2024-09-27 10:43:14
HXGeysLUTNbz@gmail.com,CREATE,2024-09-27 20:01:31
eBXgJylCKFeC@gmail.com,READ,2024-09-27 11:37:48
DDEpKO@ya.ru,CREATE,2024-09-27 02:42:08
HXGeysLUTNbz@gmail.com,READ,2024-09-27 10:48:13
CMRzkv@gmail.com,READ,2024-09-27 02:15:12
sYBJe@mail.ru,UPDATE,2024-09-27 20:53:57
eBXgJylCKFeC@gmail.com,READ,2024-09-27 10:01:32
TAwdEapPC@ya.ru,UPDATE,2024-09-27 09:40:21
VcXPBm@gmail.com,DELETE,2024-09-27 06:25:11
VcXPBm@gmail.com,UPDATE,2024-09-27 14:37:27
rehcnee@ya.ru,UPDATE,2024-09-27 23:55:03
DDEpKO@ya.ru,READ,2024-09-27 13:58:36
rehcnee@ya.ru,UPDATE,2024-09-27 00:50:08
CMRzkv@gmail.com,READ,2024-09-27 06:34:42
VcXPBm@gmail.com,DELETE,2024-09-27 03:29:29
DDFdJQv@ya.ru,UPDATE,2024-09-27 22:33:16
CMRzkv@gmail.com,UPDATE,2024-09-27 05:19:03
ZxbPkabSoQvsB@mail.ru,DELETE,2024-09-27 04:19:24
eBXgJylCKFeC@gmail.com,UPDATE,2024-09-27 16:57:35
eBXgJylCKFeC@gmail.com,UPDATE,2024-09-27 11:50:08
HXGeysLUTNbz@gmail.com,CREATE,2024-09-27 12:59:03
ZxbPkabSoQvsB@mail.ru,READ,2024-09-27 22:23:03
DDEpKO@ya.ru,DELETE,2024-09-27 17:40:52
HXGeysLUTNbz@gmail.com,DELETE,2024-09-27 22:05:41
eBXgJylCKFeC@gmail.com,DELETE,2024-09-27 05:25:19
rehcnee@ya.ru,READ,2024-09-27 09:00:02
ZxbPkabSoQvsB@mail.ru,UPDATE,2024-09-27 17:02:41
ZxbPkabSoQvsB@mail.ru,READ,2024-09-27 21:22:11
HXGeysLUTNbz@gmail.com,READ,2024-09-27 15:52:51
VcXPBm@gmail.com,DELETE,2024-09-27 23:21:53
eBXgJylCKFeC@gmail.com,READ,2024-09-27 10:14:05
DDEpKO@ya.ru,CREATE,2024-09-27 10:10:24
VcXPBm@gmail.com,READ,2024-09-27 09:42:36
eBXgJylCKFeC@gmail.com,DELETE,2024-09-27 00:39:25
HXGeysLUTNbz@gmail.com,READ,2024-09-27 07:53:45
TAwdEapPC@ya.ru,CREATE,2024-09-27 10:34:59
HXGeysLUTNbz@gmail.com,READ,2024-09-27 09:16:25
HXGeysLUTNbz@gmail.com,UPDATE,2024-09-27 08:35:42
VcXPBm@gmail.com,CREATE,2024-09-27 11:28:12
DDEpKO@ya.ru,DELETE,2024-09-27 07:43:10
eBXgJylCKFeC@gmail.com,CREATE,2024-09-27 10:50:24
eBXgJylCKFeC@gmail.com,READ,2024-09-27 23:40:58
HXGeysLUTNbz@gmail.com,READ,2024-09-27 09:52:59
DDFdJQv@ya.ru,CREATE,2024-09-27 14:03:39
DDEpKO@ya.ru,UPDATE,2024-09-27 18:47:26
VcXPBm@gmail.com,CREATE,2024-09-27 09:32:48
ZxbPkabSoQvsB@mail.ru,CREATE,2024-09-27 14:27:41
rehcnee@ya.ru,UPDATE,2024-09-27 18:53:01
sYBJe@mail.ru,DELETE,2024-09-27 01:11:06
DDEpKO@ya.ru,CREATE,2024-09-27 06:53:54
ZxbPkabSoQvsB@mail.ru,DELETE,2024-09-27 04:47:32
ZxbPkabSoQvsB@mail.ru,CREATE,2024-09-27 16:17:50
TAwdEapPC@ya.ru,UPDATE,2024-09-27 03:58:19
HXGeysLUTNbz@gmail.com,READ,2024-09-27 23:26:23
VcXPBm@gmail.com,CREATE,2024-09-27 15:48:01
ZxbPkabSoQvsB@mail.ru,DELETE,2024-09-27 18:45:21
ZxbPkabSoQvsB@mail.ru,CREATE,2024-09-27 17:58:53
DDEpKO@ya.ru,UPDATE,2024-09-27 20:16:38
TAwdEapPC@ya.ru,CREATE,2024-09-27 11:50:38
DDFdJQv@ya.ru,UPDATE,2024-09-27 20:34:39
rehcnee@ya.ru,CREATE,2024-09-27 21:16:34
eBXgJylCKFeC@gmail.com,CREATE,2024-09-27 05:57:48
VcXPBm@gmail.com,READ,2024-09-27 22:02:10
VcXPBm@gmail.com,READ,2024-09-27 00:37:24
DDEpKO@ya.ru,CREATE,2024-09-27 05:23:53
DDEpKO@ya.ru,CREATE,2024-09-27 09:41:41
CMRzkv@gmail.com,READ,2024-09-27 23:23:45
DDFdJQv@ya.ru,CREATE,2024-09-27 07:52:00
sYBJe@mail.ru,CREATE,2024-09-27 13:57:12
sYBJe@mail.ru,CREATE,2024-09-27 14:04:04
CMRzkv@gmail.com,CREATE,2024-09-27 01:35:17
ZxbPkabSoQvsB@mail.ru,CREATE,2024-09-27 01:42:44
TAwdEapPC@ya.ru,UPDATE,2024-09-27 18:04:57
VcXPBm@gmail.com,DELETE,2024-09-27 22:55:23
sYBJe@mail.ru,READ,2024-09-27 03:35:22
VcXPBm@gmail.com,DELETE,2024-09-27 06:33:47
HXGeysLUTNbz@gmail.com,DELETE,2024-09-27 09:28:33
ZxbPkabSoQvsB@mail.ru,CREATE,2024-09-27 12:18:50
eBXgJylCKFeC@gmail.com,DELETE,2024-09-27 05:54:46
TAwdEapPC@ya.ru,DELETE,2024-09-27 22:45:46
ZxbPkabSoQvsB@mail.ru,UPDATE,2024-09-27 09:48:41
DDFdJQv@ya.ru,CREATE,2024-09-27 22:30:10
TAwdEapPC@ya.ru,READ,2024-09-27 05:39:50
eBXgJylCKFeC@gmail.com,DELETE,2024-09-27 10:08:56
ZxbPkabSoQvsB@mail.ru,CREATE,2024-09-27 10:02:20
HXGeysLUTNbz@gmail.com,CREATE,2024-09-27 01:25:34
CMRzkv@gmail.com,DELETE,2024-09-27 19:41:41
HXGeysLUTNbz@gmail.com,DELETE,2024-09-27 07:06:05
DDFdJQv@ya.ru,DELETE,2024-09-27 00:45:49
DDEpKO@ya.ru,CREATE,2024-09-27 09:38:05
rehcnee@ya.ru,CREATE,2024-09-27 14:30:14
VcXPBm@gmail.com,DELETE,2024-09-27 03:15:55
TAwdEapPC@ya.ru,UPDATE,2024-09-27 20:24:37
TAwdEapPC@ya.ru,DELETE,2024-09-27 07:06:58
HXGeysLUTNbz@gmail.com,DELETE,2024-09-27 11:30:13
DDEpKO@ya.ru,READ,2024-09-27 07:01:16
TAwdEapPC@ya.ru,UPDATE,2024-09-27 04:58:36
TAwdEapPC@ya.ru,DELETE,2024-09-27 17:11:21
rehcnee@ya.ru,UPDATE,2024-09-27 08:49:28
sYBJe@mail.ru,READ,2024-09-27 23:17:16
DDFdJQv@ya.ru,CREATE,2024-09-27 22:41:47
VcXPBm@gmail.com,CREATE,2024-09-27 19:29:53
ZxbPkabSoQvsB@mail.ru,CREATE,2024-09-27 06:02:55
HXGeysLUTNbz@gmail.com,CREATE,2024-09-27 13:45:58
ZxbPkabSoQvsB@mail.ru,READ,2024-09-27 03:19:56
sYBJe@mail.ru,READ,2024-09-27 14:50:39
rehcnee@ya.ru,READ,2024-09-27 22:34:19
TAwdEapPC@ya.ru,READ,2024-09-27 12:29:42
VcXPBm@gmail.com,DELETE,2024-09-27 01:23:12
CMRzkv@gmail.com,READ,2024-09-27 08:35:24
CMRzkv@gmail.com,DELETE,2024-09-27 14:43:28
CMRzkv@gmail.com,DELETE,2024-09-27 11:33:24
rehcnee@ya.ru,UPDATE,2024-09-27 03:06:03
ZxbPkabSoQvsB@mail.ru,UPDATE,2024-09-27 13:58:05
TAwdEapPC@ya.ru,DELETE,2024-09-27 05:24:54
HXGeysLUTNbz@gmail.com,UPDATE,2024-09-27 18:19:28
TAwdEapPC@ya.ru,READ,2024-09-27 02:34:00
eBXgJylCKFeC@gmail.com,READ,2024-09-27 01:12:54
VcXPBm@gmail.com,CREATE,2024-09-27 22:07:45
HXGeysLUTNbz@gmail.com,CREATE,2024-09-27 10:58:29
sYBJe@mail.ru,DELETE,2024-09-27 18:11:17
ZxbPkabSoQvsB@mail.ru,UPDATE,2024-09-27 17:33:06
DDEpKO@ya.ru,UPDATE,2024-09-27 08:17:59
eBXgJylCKFeC@gmail.com,CREATE,2024-09-27 04:29:25
sYBJe@mail.ru,UPDATE,2024-09-27 14:32:08
ZxbPkabSoQvsB@mail.ru,CREATE,2024-09-27 19:48:56
eBXgJylCKFeC@gmail.com,UPDATE,2024-09-27 23:37:07
HXGeysLUTNbz@gmail.com,CREATE,2024-09-27 20:00:21
DDFdJQv@ya.ru,READ,2024-09-27 04:27:08
DDEpKO@ya.ru,CREATE,2024-09-27 09:08:40
HXGeysLUTNbz@gmail.com,UPDATE,2024-09-27 23:46:02
DDEpKO@ya.ru,DELETE,2024-09-27 01:50:45
sYBJe@mail.ru,CREATE,2024-09-27 23:30:24
VcXPBm@gmail.com,DELETE,2024-09-27 21:42:31
eBXgJylCKFeC@gmail.com,DELETE,2024-09-27 12:44:59
VcXPBm@gmail.com,CREATE,2024-09-27 18:47:00
ZxbPkabSoQvsB@mail.ru,READ,2024-09-27 00:50:26
DDFdJQv@ya.ru,READ,2024-09-27 19:47:39
VcXPBm@gmail.com,CREATE,2024-09-27 23:28:28
eBXgJylCKFeC@gmail.com,READ,2024-09-27 11:00:59
TAwdEapPC@ya.ru,CREATE,2024-09-27 22:02:08
VcXPBm@gmail.com,CREATE,2024-09-27 12:35:32
eBXgJylCKFeC@gmail.com,UPDATE,2024-09-27 10:36:56
DDFdJQv@ya.ru,READ,2024-09-27 00:29:43
HXGeysLUTNbz@gmail.com,DELETE,2024-09-27 19:42:21
TAwdEapPC@ya.ru,READ,2024-09-27 03:52:47
rehcnee@ya.ru,CREATE,2024-09-27 00:37:55
HXGeysLUTNbz@gmail.com,UPDATE,2024-09-27 13:36:37
eBXgJylCKFeC@gmail.com,UPDATE,2024-09-27 09:19:48
HXGeysLUTNbz@gmail.com,UPDATE,2024-09-27 05:25:07
rehcnee@ya.ru,UPDATE,2024-09-27 12:48:37
sYBJe@mail.ru,READ,2024-09-27 01:37:51
DDEpKO@ya.ru,DELETE,2024-09-27 02:44:40
rehcnee@ya.ru,READ,2024-09-27 04:49:07
HXGeysLUTNbz@gmail.com,READ,2024-09-27 23:04:15
eBXgJylCKFeC@gmail.com,CREATE,2024-09-27 17:29:33
sYBJe@mail.ru,UPDATE,2024-09-27 23:39:47
VcXPBm@gmail.com,CREATE,2024-09-27 17:45:44
CMRzkv@gmail.com,CREATE,2024-09-27 19:17:36
DDEpKO@ya.ru,DELETE,2024-09-27 15:30:23
DDEpKO@ya.ru,UPDATE,2024-09-27 16:22:48
TAwdEapPC@ya.ru,CREATE,2024-09-27 03:01:59
CMRzkv@gmail.com,UPDATE,2024-09-27 00:39:22
rehcnee@ya.ru,CREATE,2024-09-27 18:36:10
TAwdEapPC@ya.ru,DELETE,2024-09-27 17:13:54
eBXgJylCKFeC@gmail.com,READ,2024-09-27 01:45:16
sYBJe@mail.ru,DELETE,2024-09-27 18:50:48
rehcnee@ya.ru,READ,2024-09-27 22:42:38
DDFdJQv@ya.ru,DELETE,2024-09-27 08:50:54
sYBJe@mail.ru,CREATE,2024-09-27 09:22:09
DDFdJQv@ya.ru,READ,2024-09-27 22:17:06
CMRzkv@gmail.com,READ,2024-09-27 01:54:46
VcXPBm@gmail.com,DELETE,2024-09-27 01:33:13
TAwdEapPC@ya.ru,READ,2024-09-27 13:13:50
DDFdJQv@ya.ru,UPDATE,2024-09-27 00:41:49
DDEpKO@ya.ru,UPDATE,2024-09-27 03:28:47
CMRzkv@gmail.com,READ,2024-09-27 13:11:25
DDEpKO@ya.ru,UPDATE,2024-09-27 06:11:56
TAwdEapPC@ya.ru,DELETE,2024-09-27 16:42:46
ZxbPkabSoQvsB@mail.ru,UPDATE,2024-09-27 05:55:14
DDEpKO@ya.ru,DELETE,2024-09-27 05:11:00
sYBJe@mail.ru,UPDATE,2024-09-27 20:44:49
rehcnee@ya.ru,READ,2024-09-27 13:55:25
DDFdJQv@ya.ru,DELETE,2024-09-27 20:42:42
DDFdJQv@ya.ru,DELETE,2024-09-27 09:27:32
CMRzkv@gmail.com,DELETE,2024-09-27 05:28:13
HXGeysLUTNbz@gmail.com,UPDATE,2024-09-27 05:27:33
CMRzkv@gmail.com,READ,2024-09-27 15:50:16
DDEpKO@ya.ru,DELETE,2024-09-27 16:19:08
TAwdEapPC@ya.ru,READ,2024-09-27 21:37:08
VcXPBm@gmail.com,CREATE,2024-09-27 04:08:22
HXGeysLUTNbz@gmail.com,CREATE,2024-09-27 06:47:47
rehcnee@ya.ru,UPDATE,2024-09-27 01:11:15
TAwdEapPC@ya.ru,UPDATE,2024-09-27 16:35:51
VcXPBm@gmail.com,READ,2024-09-27 18:34:46
VcXPBm@gmail.com,UPDATE,2024-09-27 03:35:39
rehcnee@ya.ru,UPDATE,2024-09-27 12:00:14
HXGeysLUTNbz@gmail.com,DELETE,2024-09-27 09:26:13
HXGeysLUTNbz@gmail.com,UPDATE,2024-09-27 09:42:24
DDEpKO@ya.ru,DELETE,2024-09-27 13:21:19
DDEpKO@ya.ru,CREATE,2024-09-27 18:32:08
ZxbPkabSoQvsB@mail.ru,CREATE,2024-09-27 12:17:03
CMRzkv@gmail.com,CREATE,2024-09-27 10:36:19
rehcnee@ya.ru,CREATE,2024-09-27 06:24:53
DDFdJQv@ya.ru,READ,2024-09-27 21:45:29
ZxbPkabSoQvsB@mail.ru,UPDATE,2024-09-27 05:02:47
TAwdEapPC@ya.ru,UPDATE,2024-09-27 20:05:37
DDEpKO@ya.ru,CREATE,2024-09-27 21:08:44
ZxbPkabSoQvsB@mail.ru,UPDATE,2024-09-27 04:14:43
ZxbPkabSoQvsB@mail.ru,UPDATE,2024-09-27 13:16:59
DDEpKO@ya.ru,READ,2024-09-27 18:46:33
eBXgJylCKFeC@gmail.com,DELETE,2024-09-27 22:03:18
TAwdEapPC@ya.ru,DELETE,2024-09-27 06:32:21
DDFdJQv@ya.ru,UPDATE,2024-09-27 06:18:34
DDEpKO@ya.ru,DELETE,2024-09-27 10:37:29
eBXgJylCKFeC@gmail.com,READ,2024-09-27 02:00:18
rehcnee@ya.ru,READ,2024-09-27 05:21:56
DDEpKO@ya.ru,READ,2024-09-27 23:12:00
TAwdEapPC@ya.ru,DELETE,2024-09-27 14:01:10
TAwdEapPC@ya.ru,CREATE,2024-09-27 06:47:07
rehcnee@ya.ru,CREATE,2024-09-27 09:25:03
HXGeysLUTNbz@gmail.com,UPDATE,2024-09-27 14:46:31
VcXPBm@gmail.com,READ,2024-09-27 22:56:08
HXGeysLUTNbz@gmail.com,UPDATE,2024-09-27 10:00:44
DDFdJQv@ya.ru,CREATE,2024-09-27 04:17:08
DDEpKO@ya.ru,DELETE,2024-09-27 06:09:34
DDFdJQv@ya.ru,DELETE,2024-09-27 03:27:52
rehcnee@ya.ru,DELETE,2024-09-27 09:57:55
sYBJe@mail.ru,DELETE,2024-09-27 14:48:59
DDEpKO@ya.ru,CREATE,2024-09-27 13:31:51
ZxbPkabSoQvsB@mail.ru,READ,2024-09-27 04:53:58
rehcnee@ya.ru,UPDATE,2024-09-27 00:00:56
CMRzkv@gmail.com,CREATE,2024-09-27 08:14:06
ZxbPkabSoQvsB@mail.ru,READ,2024-09-27 02:54:48
CMRzkv@gmail.com,CREATE,2024-09-27 14:05:26
TAwdEapPC@ya.ru,CREATE,2024-09-27 12:29:26
HXGeysLUTNbz@gmail.com,CREATE,2024-09-27 00:12:04
eBXgJylCKFeC@gmail.com,CREATE,2024-09-27 17:05:15
ZxbPkabSoQvsB@mail.ru,CREATE,2024-09-27 13:56:07
DDFdJQv@ya.ru,CREATE,2024-09-27 12:28:29
HXGeysLUTNbz@gmail.com,DELETE,2024-09-27 23:35:36
HXGeysLUTNbz@gmail.com,CREATE,2024-09-27 07:43:01
eBXgJylCKFeC@gmail.com,CREATE,2024-09-27 03:42:02
TAwdEapPC@ya.ru,CREATE,2024-09-27 00:30:28
HXGeysLUTNbz@gmail.com,READ,2024-09-27 18:16:39
DDFdJQv@ya.ru,CREATE,2024-09-27 14:38:40
CMRzkv@gmail.com,CREATE,2024-09-27 05:39:55
CMRzkv@gmail.com,CREATE,2024-09-27 10:49:50
ZxbPkabSoQvsB@mail.ru,UPDATE,2024-09-27 05:54:44
ZxbPkabSoQvsB@mail.ru,DELETE,2024-09-27 02:35:00
DDEpKO@ya.ru,UPDATE,2024-09-27 08:43:46
TAwdEapPC@ya.ru,DELETE,2024-09-27 05:31:09
DDFdJQv@ya.ru,CREATE,2024-09-27 04:49:31
HXGeysLUTNbz@gmail.com,CREATE,2024-09-27 00:12:44
ZxbPkabSoQvsB@mail.ru,READ,2024-09-27 09:24:41
eBXgJylCKFeC@gmail.com,CREATE,2024-09-27 09:14:40
CMRzkv@gmail.com,CREATE,2024-09-27 12:39:08
CMRzkv@gmail.com,CREATE,2024-09-27 17:56:48
sYBJe@mail.ru,READ,2024-09-27 12:10:24
TAwdEapPC@ya.ru,CREATE,2024-09-27 19:49:58
DDFdJQv@ya.ru,CREATE,2024-09-27 20:56:23
VcXPBm@gmail.com,READ,2024-09-27 12:16:05
HXGeysLUTNbz@gmail.com,CREATE,2024-09-27 07:23:47
sYBJe@mail.ru,UPDATE,2024-09-27 05:41:29
eBXgJylCKFeC@gmail.com,CREATE,2024-09-27 14:16:57
TAwdEapPC@ya.ru,DELETE,2024-09-27 09:46:00
VcXPBm@gmail.com,DELETE,2024-09-27 08:57:19
HXGeysLUTNbz@gmail.com,DELETE,2024-09-27 20:03:05
rehcnee@ya.ru,DELETE,2024-09-27 13:12:56
CMRzkv@gmail.com,CREATE,2024-09-27 12:09:45
DDEpKO@ya.ru,DELETE,2024-09-27 03:43:25
sYBJe@mail.ru,READ,2024-09-27 22:02:04
DDFdJQv@ya.ru,UPDATE,2024-09-27 06:17:22
TAwdEapPC@ya.ru,CREATE,2024-09-27 14:34:50
ZxbPkabSoQvsB@mail.ru,CREATE,2024-09-27 17:16:30
VcXPBm@gmail.com,UPDATE,2024-09-27 19:29:09
ZxbPkabSoQvsB@mail.ru,READ,2024-09-27 21:13:30
DDFdJQv@ya.ru,CREATE,2024-09-27 23:59:39
DDFdJQv@ya.ru,READ,2024-09-27 18:08:15
TAwdEapPC@ya.ru,UPDATE,2024-09-27 19:18:02
TAwdEapPC@ya.ru,DELETE,2024-09-27 12:25:27
HXGeysLUTNbz@gmail.com,READ,2024-09-27 08:38:20
TAwdEapPC@ya.ru,DELETE,2024-09-27 16:47:02
CMRzkv@gmail.com,UPDATE,2024-09-27 20:00:10
rehcnee@ya.ru,UPDATE,2024-09-27 02:29:46
HXGeysLUTNbz@gmail.com,CREATE,2024-09-27 15:39:51
DDFdJQv@ya.ru,READ,2024-09-27 08:15:41
eBXgJylCKFeC@gmail.com,READ,2024-09-27 00:52:15
sYBJe@mail.ru,DELETE,2024-09-27 15:02:24
HXGeysLUTNbz@gmail.com,UPDATE,2024-09-27 03:44:24
DDFdJQv@ya.ru,READ,2024-09-27 00:13:03
DDFdJQv@ya.ru,CREATE,2024-09-27 10:32:46
ZxbPkabSoQvsB@mail.ru,UPDATE,2024-09-27 16:55:24
sYBJe@mail.ru,CREATE,2024-09-27 01:30:20
TAwdEapPC@ya.ru,CREATE,2024-09-27 19:49:11
rehcnee@ya.ru,DELETE,2024-09-27 03:57:44
VcXPBm@gmail.com,CREATE,2024-09-27 18:36:13
VcXPBm@gmail.com,UPDATE,2024-09-27 23:02:44
ZxbPkabSoQvsB@mail.ru,READ,2024-09-27 00:51:24
VcXPBm@gmail.com,DELETE,2024-09-27 06:32:56
DDEpKO@ya.ru,UPDATE,2024-09-27 05:53:36
rehcnee@ya.ru,CREATE,2024-09-27 12:52:33
DDFdJQv@ya.ru,DELETE,2024-09-27 21:14:57
TAwdEapPC@ya.ru,DELETE,2024-09-27 11:49:33
eBXgJylCKFeC@gmail.com,CREATE,2024-09-27 15:49:11
VcXPBm@gmail.com,UPDATE,2024-09-27 08:38:53
CMRzkv@gmail.com,DELETE,2024-09-27 18:35:19
VcXPBm@gmail.com,UPDATE,2024-09-27 15:04:28
DDFdJQv@ya.ru,UPDATE,2024-09-27 18:20:38
HXGeysLUTNbz@gmail.com,READ,2024-09-27 03:19:01
CMRzkv@gmail.com,CREATE,2024-09-27 01:22:42
DDEpKO@ya.ru,CREATE,2024-09-27 20:02:55
HXGeysLUTNbz@gmail.com,READ,2024-09-27 21:01:39
DDEpKO@ya.ru,DELETE,2024-09-27 08:33:48
CMRzkv@gmail.com,CREATE,2024-09-27 23:45:45
TAwdEapPC@ya.ru,DELETE,2024-09-27 08:51:17
VcXPBm@gmail.com,UPDATE,2024-09-27 14:43:01
CMRzkv@gmail.com,READ,2024-09-27 22:43:58
ZxbPkabSoQvsB@mail.ru,READ,2024-09-27 16:38:20
HXGeysLUTNbz@gmail.com,CREATE,2024-09-27 04:02:53
sYBJe@mail.ru,READ,2024-09-27 15:13:42
rehcnee@ya.ru,UPDATE,2024-09-27 22:16:14
sYBJe@mail.ru,DELETE,2024-09-27 03:14:36
CMRzkv@gmail.com,DELETE,2024-09-27 05:22:05
eBXgJylCKFeC@gmail.com,UPDATE,2024-09-27 00:16:30
DDFdJQv@ya.ru,READ,2024-09-27 09:51:22
sYBJe@mail.ru,CREATE,2024-09-27 14:08:11
DDFdJQv@ya.ru,CREATE,2024-09-27 13:55:21
sYBJe@mail.ru,READ,2024-09-27 20:10:38
DDEpKO@ya.ru,UPDATE,2024-09-27 20:42:50
eBXgJylCKFeC@gmail.com,CREATE,2024-09-27 08:24:06
ZxbPkabSoQvsB@mail.ru,READ,2024-09-27 03:37:49
CMRzkv@gmail.com,READ,2024-09-27 07:14:12
rehcnee@ya.ru,UPDATE,2024-09-27 17:05:09
ZxbPkabSoQvsB@mail.ru,UPDATE,2024-09-27 08:47:18
ZxbPkabSoQvsB@mail.ru,CREATE,2024-09-27 00:59:47
TAwdEapPC@ya.ru,CREATE,2024-09-27 20:15:02
VcXPBm@gmail.com,DELETE,2024-09-27 19:33:19
DDFdJQv@ya.ru,READ,2024-09-27 16:24:43
rehcnee@ya.ru,UPDATE,2024-09-27 21:03:34
HXGeysLUTNbz@gmail.com,DELETE,2024-09-27 21:33:03
ZxbPkabSoQvsB@mail.ru,READ,2024-09-27 15:44:24
VcXPBm@gmail.com,CREATE,2024-09-27 06:49:04
TAwdEapPC@ya.ru,READ,2024-09-27 18:14:14
CMRzkv@gmail.com,READ,2024-09-27 03:02:03
DDEpKO@ya.ru,READ,2024-09-27 02:02:59
rehcnee@ya.ru,DELETE,2024-09-27 10:53:10
CMRzkv@gmail.com,UPDATE,2024-09-27 12:54:09
VcXPBm@gmail.com,CREATE,2024-09-27 16:31:56
DDEpKO@ya.ru,DELETE,2024-09-27 08:00:59
CMRzkv@gmail.com,UPDATE,2024-09-27 18:29:48
sYBJe@mail.ru,UPDATE,2024-09-27 01:29:20
rehcnee@ya.ru,UPDATE,2024-09-27 21:34:51
DDFdJQv@ya.ru,UPDATE,2024-09-27 06:17:27
CMRzkv@gmail.com,UPDATE,2024-09-27 05:17:42
rehcnee@ya.ru,UPDATE,2024-09-27 00:37:47
DDEpKO@ya.ru,DELETE,2024-09-27 04:06:33
eBXgJylCKFeC@gmail.com,DELETE,2024-09-27 15:56:06
eBXgJylCKFeC@gmail.com,DELETE,2024-09-27 11:31:21
VcXPBm@gmail.com,READ,2024-09-27 23:47:02
HXGeysLUTNbz@gmail.com,DELETE,2024-09-27 05:04:50
VcXPBm@gmail.com,DELETE,2024-09-27 11:37:05
CMRzkv@gmail.com,DELETE,2024-09-27 04:28:22
eBXgJylCKFeC@gmail.com,UPDATE,2024-09-27 05:51:27
TAwdEapPC@ya.ru,UPDATE,2024-09-27 13:59:34
eBXgJylCKFeC@gmail.com,UPDATE,2024-09-27 15:42:47
sYBJe@mail.ru,CREATE,2024-09-27 20:20:47
HXGeysLUTNbz@gmail.com,UPDATE,2024-09-27 20:06:37
eBXgJylCKFeC@gmail.com,DELETE,2024-09-27 04:20:15
sYBJe@mail.ru,READ,2024-09-27 15:54:21
eBXgJylCKFeC@gmail.com,UPDATE,2024-09-27 05:58:15
ZxbPkabSoQvsB@mail.ru,CREATE,2024-09-27 01:28:52
DDFdJQv@ya.ru,CREATE,2024-09-27 23:01:43
rehcnee@ya.ru,CREATE,2024-09-27 08:25:07
TAwdEapPC@ya.ru,DELETE,2024-09-27 16:18:07
ZxbPkabSoQvsB@mail.ru,DELETE,2024-09-27 20:48:27
DDFdJQv@ya.ru,READ,2024-09-27 09:58:59
DDFdJQv@ya.ru,UPDATE,2024-09-27 14:45:18
rehcnee@ya.ru,DELETE,2024-09-27 05:36:36
VcXPBm@gmail.com,CREATE,2024-09-27 09:43:27
ZxbPkabSoQvsB@mail.ru,UPDATE,2024-09-27 05:16:08
ZxbPkabSoQvsB@mail.ru,UPDATE,2024-09-27 01:36:53
CMRzkv@gmail.com,UPDATE,2024-09-27 15:15:08
DDEpKO@ya.ru,DELETE,2024-09-27 07:03:42
DDFdJQv@ya.ru,CREATE,2024-09-27 17:46:50
VcXPBm@gmail.com,READ,2024-09-27 13:06:32
rehcnee@ya.ru,UPDATE,2024-09-27 22:13:22
ZxbPkabSoQvsB@mail.ru,DELETE,2024-09-27 10:14:29
eBXgJylCKFeC@gmail.com,READ,2024-09-27 04:16:42
CMRzkv@gmail.com,UPDATE,2024-09-27 08:14:17
DDEpKO@ya.ru,CREATE,2024-09-27 16:43:03
VcXPBm@gmail.com,DELETE,2024-09-27 22:04:42
HXGeysLUTNbz@gmail.com,CREATE,2024-09-27 12:52:53
TAwdEapPC@ya.ru,CREATE,2024-09-27 08:09:24
CMRzkv@gmail.com,UPDATE,2024-09-27 05:15:32
DDEpKO@ya.ru,READ,2024-09-27 11:16:01
eBXgJylCKFeC@gmail.com,DELETE,2024-09-27 11:34:33
eBXgJylCKFeC@gmail.com,DELETE,2024-09-27 16:13:56
sYBJe@mail.ru,READ,2024-09-27 04:03:55
DDFdJQv@ya.ru,UPDATE,2024-09-27 07:44:14
TAwdEapPC@ya.ru,READ,2024-09-27 18:16:51
sYBJe@mail.ru,READ,2024-09-27 04:44:38
DDEpKO@ya.ru,DELETE,2024-09-27 03:45:19
VcXPBm@gmail.com,UPDATE,2024-09-27 15:36:52
eBXgJylCKFeC@gmail.com,UPDATE,2024-09-27 02:42:20
DDEpKO@ya.ru,CREATE,2024-09-27 23:06:52
VcXPBm@gmail.com,READ,2024-09-27 21:43:31
sYBJe@mail.ru,READ,2024-09-27 09:34:01
eBXgJylCKFeC@gmail.com,READ,2024-09-27 07:58:01
DDEpKO@ya.ru,UPDATE,2024-09-27 09:56:04
HXGeysLUTNbz@gmail.com,READ,2024-09-27 08:16:28